/*
 Navicat Premium Data Transfer

 Source Server         : 10.0.0.143_3306
 Source Server Type    : MySQL
 Source Server Version : 50730
 Source Host           : 10.0.0.143:3306
 Source Schema         : test

 Target Server Type    : MySQL
 Target Server Version : 50730
 File Encoding         : 65001

 Date: 18/09/2020 18:24:29
*/

SET NAMES utf8mb4;
SET FOREIGN_KEY_CHECKS = 0;

-- ----------------------------
-- Table structure for api
-- ----------------------------
DROP TABLE IF EXISTS `api`;
CREATE TABLE `api`  (
  `id` int(10) UNSIGNED NOT NULL AUTO_INCREMENT,
  `name` varchar(10) CHARACTER SET utf8 COLLATE utf8_general_ci NOT NULL COMMENT '接口名称',
  `project_id` int(11) NOT NULL COMMENT 'project id',
  `api_suite_id` int(11) NOT NULL COMMENT '接口分类 ID',
  `domain` varchar(50) CHARACTER SET utf8 COLLATE utf8_general_ci NOT NULL COMMENT '域名',
  `request_param_type` varchar(50) CHARACTER SET utf8 COLLATE utf8_general_ci NULL DEFAULT NULL COMMENT '请求入参方式',
  `request_header` text CHARACTER SET utf8 COLLATE utf8_general_ci NULL COMMENT '请求头',
  `request_params` text CHARACTER SET utf8 COLLATE utf8_general_ci NULL,
  `request_body` text CHARACTER SET utf8 COLLATE utf8_general_ci NULL COMMENT 'body,post请求参数',
  `method` varchar(20) CHARACTER SET utf8 COLLATE utf8_general_ci NOT NULL COMMENT '请求方式',
  `path` varchar(100) CHARACTER SET utf8 COLLATE utf8_general_ci NOT NULL COMMENT '请求路径',
  `request_assert` text CHARACTER SET utf8 COLLATE utf8_general_ci NULL COMMENT '请求断言',
  `creat_time` int(11) NOT NULL,
  `update_time` int(11) NOT NULL,
  PRIMARY KEY (`id`) USING BTREE
) ENGINE = InnoDB AUTO_INCREMENT = 5 CHARACTER SET = utf8 COLLATE = utf8_general_ci COMMENT = '接口表' ROW_FORMAT = Dynamic;

-- ----------------------------
-- Records of api
-- ----------------------------
INSERT INTO `api` VALUES (1, 'test', 1, 2, 'http://14.116.192.19:8884', NULL, ' [{\"key\":\"Content-Type\",\"value\":\"application/x-www-form-urlencoded\"}]', '[{\"key\":\"username\",\"value\":\"tpson003\"},{\"key\":\"password\",\"value\":\"d0c305881c28d5a61138b240c7297200\"},{\"key\":\"submit\",\"value\":\"login\"}]', NULL, 'Post', '/self_operator/login', NULL, 1597835237, 1597835237);
INSERT INTO `api` VALUES (3, '登录', 1, 2, 'http://14.116.192.19:8884', 'application/x-www-form-urlencoded', '[{\"key\":\"Content-Type\",\"value\":\"application/x-www-form-urlencoded\"}]', '[{\"key\":\"username\",\"value\":\"tpson003\"},{\"key\":\"password\",\"value\":\"d0c305881c28d5a61138b240c7297200\"},{\"key\":\"submit\",\"value\":\"login\"}]', NULL, 'Post', '/self_operator/login', '[{\"checkList\":\"code\",\"value\":\"0\"},{\"checkList\":\"data.user.name\",\"value\":\"tpson003\"},{\"checkList\":\"data.user.phone\",\"value\":\"15736740079\"}]', 1597835357, 1597835357);
INSERT INTO `api` VALUES (4, '角色分页', 1, 2, 'http://14.116.192.19:8884', 'form', '[{\"key\":\"Content-Type\",\"value\":\"application/x-www-form-urlencoded\"},{\"key\":\"Cookie\",\"value\":\"${Cookie}\"}]', '[{\"key\":\"pageNumber\",\"value\":\"1\"},{\"key\":\"pageSize\",\"value\":\"10\"},{\"key\":\"name\",\"value\":\"\"}]', NULL, 'Get', '/self_operator/login', NULL, 1599654365, 1599654365);

-- ----------------------------
-- Table structure for api_request_result
-- ----------------------------
DROP TABLE IF EXISTS `api_request_result`;
CREATE TABLE `api_request_result`  (
  `id` int(10) UNSIGNED NOT NULL AUTO_INCREMENT,
  `api_id` int(10) NOT NULL COMMENT '接口id',
  `api_name` varchar(10) CHARACTER SET utf8 COLLATE utf8_general_ci NOT NULL COMMENT '接口名称',
  `api_testcase_id` int(10) NULL DEFAULT NULL COMMENT '用例id（可为空）',
  `api_testcase_step_id` int(10) NULL DEFAULT NULL COMMENT '用例步骤id（可为空）',
  `request_header` text CHARACTER SET utf8 COLLATE utf8_general_ci NULL COMMENT '请求头',
  `request_params` text CHARACTER SET utf8 COLLATE utf8_general_ci NULL COMMENT '请求参数',
  `method` varchar(20) CHARACTER SET utf8 COLLATE utf8_general_ci NOT NULL COMMENT '请求方式',
  `URL` varchar(100) CHARACTER SET utf8 COLLATE utf8_general_ci NOT NULL COMMENT '请求路径',
  `result_body` text CHARACTER SET utf8 COLLATE utf8_general_ci NULL COMMENT '返回结果',
  `result_status` int(10) NULL DEFAULT NULL COMMENT '返回状态',
  `result_time` int(10) NULL DEFAULT NULL COMMENT '接口运行时间(ms)',
  `result_assert` text CHARACTER SET utf8 COLLATE utf8_general_ci NULL COMMENT '请求断言结果',
  `result_isPass` tinyint(4) NULL DEFAULT NULL COMMENT '判断运行接口是否报错',
  `creat_time` int(11) NOT NULL,
  `update_time` int(11) NOT NULL,
  PRIMARY KEY (`id`) USING BTREE
) ENGINE = InnoDB AUTO_INCREMENT = 47 CHARACTER SET = utf8 COLLATE = utf8_general_ci COMMENT = '接口测试结果表' ROW_FORMAT = Dynamic;

-- ----------------------------
-- Records of api_request_result
-- ----------------------------
INSERT INTO `api_request_result` VALUES (4, 3, '登录', NULL, NULL, '[{\"value\":\"application/x-www-form-urlencoded\",\"key\":\"Content-Type\"}]', NULL, 'Post', 'http://14.116.192.19:8884/self_operator/login', '{\n    \"code\": 0,\n    \"data\": {\n        \"user\": {\n            \"departmentId\": 0,\n            \"departmentName\": \"\",\n            \"enterpriseId\": 4,\n            \"enterpriseName\": \"自运营企业\",\n            \"isPrimary\": true,\n            \"logoPhotoId\": \"df3f3fe4997d860fc24397adf512e919\",\n            \"modules\": \"2000,2001,2002,2003,2010,2013,2012,2011,2014,2015,2020,2021,2022,2023,2030,2031,2032,2033,2034,2035,2036,2040,2041,2042,2043,2044,2045,2046,2047,2050,2060,2061,2062,2063,2064\",\n            \"mqttInfo\": {\n                \"clientId\": \"web-49bc1941db6e4db32bda90427f1928d9\",\n                \"heartbeat\": 10,\n                \"password\": \"tpson102304\",\n                \"protocolVersion\": \"MQTT3.1.1\",\n                \"server\": \"ws://14.116.192.19:25671/ws\",\n                \"username\": \"tpson\"\n            },\n            \"name\": \"tpson003\",\n            \"phone\": \"15736740078\",\n            \"posX\": \"120.17017364501955\",\n            \"posY\": \"30.24027637293337\",\n            \"userId\": 434069036964249600,\n            \"userPhotoUrl\": \"19efb150461686d4d755216705da54dc\",\n            \"userType\": 5\n        }\n    },\n    \"resultCode\": \"SUCCESS\",\n    \"success\": true\n}', 200, 2733, NULL, 0, 1597918730, 1597918730);
INSERT INTO `api_request_result` VALUES (5, 3, '登录', NULL, NULL, '[{\"value\":\"application/x-www-form-urlencoded\",\"key\":\"Content-Type\"}]', NULL, 'Post', 'http://14.116.192.19:8884/self_operator/login', '{\n    \"code\": 0,\n    \"data\": {\n        \"user\": {\n            \"departmentId\": 0,\n            \"departmentName\": \"\",\n            \"enterpriseId\": 4,\n            \"enterpriseName\": \"自运营企业\",\n            \"isPrimary\": true,\n            \"logoPhotoId\": \"df3f3fe4997d860fc24397adf512e919\",\n            \"modules\": \"2000,2001,2002,2003,2010,2013,2012,2011,2014,2015,2020,2021,2022,2023,2030,2031,2032,2033,2034,2035,2036,2040,2041,2042,2043,2044,2045,2046,2047,2050,2060,2061,2062,2063,2064\",\n            \"mqttInfo\": {\n                \"clientId\": \"web-ba25d2e3989fd59e85aa64e46b558c09\",\n                \"heartbeat\": 10,\n                \"password\": \"tpson102304\",\n                \"protocolVersion\": \"MQTT3.1.1\",\n                \"server\": \"ws://14.116.192.19:25671/ws\",\n                \"username\": \"tpson\"\n            },\n            \"name\": \"tpson003\",\n            \"phone\": \"15736740078\",\n            \"posX\": \"120.17017364501955\",\n            \"posY\": \"30.24027637293337\",\n            \"userId\": 434069036964249600,\n            \"userPhotoUrl\": \"19efb150461686d4d755216705da54dc\",\n            \"userType\": 5\n        }\n    },\n    \"resultCode\": \"SUCCESS\",\n    \"success\": true\n}', 200, 1190, NULL, 0, 1597921625, 1597921625);
INSERT INTO `api_request_result` VALUES (6, 3, '登录', NULL, NULL, '[{\"value\":\"application/x-www-form-urlencoded\",\"key\":\"Content-Type\"}]', '[{\"value\":\"tpson003\",\"key\":\"username\"},{\"value\":\"d0c305881c28d5a61138b240c7297200\",\"key\":\"password\"},{\"value\":\"login\",\"key\":\"submit\"}]', 'Post', 'http://14.116.192.19:8884/self_operator/login', '{\n    \"code\": 0,\n    \"data\": {\n        \"user\": {\n            \"departmentId\": 0,\n            \"departmentName\": \"\",\n            \"enterpriseId\": 4,\n            \"enterpriseName\": \"自运营企业\",\n            \"isPrimary\": true,\n            \"logoPhotoId\": \"df3f3fe4997d860fc24397adf512e919\",\n            \"modules\": \"2000,2001,2002,2003,2010,2013,2012,2011,2014,2015,2020,2021,2022,2023,2030,2031,2032,2033,2034,2035,2036,2040,2041,2042,2043,2044,2045,2046,2047,2050,2060,2061,2062,2063,2064\",\n            \"mqttInfo\": {\n                \"clientId\": \"web-4c3a14f054b368538ebee96b0bb6e974\",\n                \"heartbeat\": 10,\n                \"password\": \"tpson102304\",\n                \"protocolVersion\": \"MQTT3.1.1\",\n                \"server\": \"ws://14.116.192.19:25671/ws\",\n                \"username\": \"tpson\"\n            },\n            \"name\": \"tpson003\",\n            \"phone\": \"15736740078\",\n            \"posX\": \"120.17017364501955\",\n            \"posY\": \"30.24027637293337\",\n            \"userId\": 434069036964249600,\n            \"userPhotoUrl\": \"19efb150461686d4d755216705da54dc\",\n            \"userType\": 5\n        }\n    },\n    \"resultCode\": \"SUCCESS\",\n    \"success\": true\n}', 200, 1442, NULL, 0, 1597969976, 1597969976);
INSERT INTO `api_request_result` VALUES (7, 3, '登录', NULL, NULL, '[{\"value\":\"application/x-www-form-urlencoded\",\"key\":\"Content-Type\"}]', '[{\"value\":\"tpson003\",\"key\":\"username\"},{\"value\":\"d0c305881c28d5a61138b240c7297200\",\"key\":\"password\"},{\"value\":\"login\",\"key\":\"submit\"}]', 'Post', 'http://14.116.192.19:8884/self_operator/login', '{\n    \"code\": 0,\n    \"data\": {\n        \"user\": {\n            \"departmentId\": 0,\n            \"departmentName\": \"\",\n            \"enterpriseId\": 4,\n            \"enterpriseName\": \"自运营企业\",\n            \"isPrimary\": true,\n            \"logoPhotoId\": \"df3f3fe4997d860fc24397adf512e919\",\n            \"modules\": \"2000,2001,2002,2003,2010,2013,2012,2011,2014,2015,2020,2021,2022,2023,2030,2031,2032,2033,2034,2035,2036,2040,2041,2042,2043,2044,2045,2046,2047,2050,2060,2061,2062,2063,2064\",\n            \"mqttInfo\": {\n                \"clientId\": \"web-ae23f7bc45c8ed8d9576f0e2741979bb\",\n                \"heartbeat\": 10,\n                \"password\": \"tpson102304\",\n                \"protocolVersion\": \"MQTT3.1.1\",\n                \"server\": \"ws://14.116.192.19:25671/ws\",\n                \"username\": \"tpson\"\n            },\n            \"name\": \"tpson003\",\n            \"phone\": \"15736740078\",\n            \"posX\": \"120.17017364501955\",\n            \"posY\": \"30.24027637293337\",\n            \"userId\": 434069036964249600,\n            \"userPhotoUrl\": \"19efb150461686d4d755216705da54dc\",\n            \"userType\": 5\n        }\n    },\n    \"resultCode\": \"SUCCESS\",\n    \"success\": true\n}', 200, 126, NULL, 0, 1597970141, 1597970141);
INSERT INTO `api_request_result` VALUES (8, 3, '登录', NULL, NULL, '[{\"value\":\"application/x-www-form-urlencoded\",\"key\":\"Content-Type\"}]', '[{\"value\":\"tpson003\",\"key\":\"username\"},{\"value\":\"d0c305881c28d5a61138b240c7297200\",\"key\":\"password\"},{\"value\":\"login\",\"key\":\"submit\"}]', 'Post', 'http://14.116.192.19:8884/self_operator/login', '{\n    \"code\": 0,\n    \"data\": {\n        \"user\": {\n            \"departmentId\": 0,\n            \"departmentName\": \"\",\n            \"enterpriseId\": 4,\n            \"enterpriseName\": \"自运营企业\",\n            \"isPrimary\": true,\n            \"logoPhotoId\": \"df3f3fe4997d860fc24397adf512e919\",\n            \"modules\": \"2000,2001,2002,2003,2010,2013,2012,2011,2014,2015,2020,2021,2022,2023,2030,2031,2032,2033,2034,2035,2036,2040,2041,2042,2043,2044,2045,2046,2047,2050,2060,2061,2062,2063,2064\",\n            \"mqttInfo\": {\n                \"clientId\": \"web-2a276a00e5d811dd6ca86db9b0e4b068\",\n                \"heartbeat\": 10,\n                \"password\": \"tpson102304\",\n                \"protocolVersion\": \"MQTT3.1.1\",\n                \"server\": \"ws://14.116.192.19:25671/ws\",\n                \"username\": \"tpson\"\n            },\n            \"name\": \"tpson003\",\n            \"phone\": \"15736740078\",\n            \"posX\": \"120.17017364501955\",\n            \"posY\": \"30.24027637293337\",\n            \"userId\": 434069036964249600,\n            \"userPhotoUrl\": \"19efb150461686d4d755216705da54dc\",\n            \"userType\": 5\n        }\n    },\n    \"resultCode\": \"SUCCESS\",\n    \"success\": true\n}', 200, 1432, NULL, 0, 1597971461, 1597971461);
INSERT INTO `api_request_result` VALUES (9, 3, '登录', NULL, NULL, '[{\"value\":\"application/x-www-form-urlencoded\",\"key\":\"Content-Type\"}]', '[{\"value\":\"tpson003\",\"key\":\"username\"},{\"value\":\"d0c305881c28d5a61138b240c7297200\",\"key\":\"password\"},{\"value\":\"login\",\"key\":\"submit\"}]', 'Post', 'http://14.116.192.19:8884/self_operator/login', '{\n    \"code\": 0,\n    \"data\": {\n        \"user\": {\n            \"departmentId\": 0,\n            \"departmentName\": \"\",\n            \"enterpriseId\": 4,\n            \"enterpriseName\": \"自运营企业\",\n            \"isPrimary\": true,\n            \"logoPhotoId\": \"df3f3fe4997d860fc24397adf512e919\",\n            \"modules\": \"2000,2001,2002,2003,2010,2013,2012,2011,2014,2015,2020,2021,2022,2023,2030,2031,2032,2033,2034,2035,2036,2040,2041,2042,2043,2044,2045,2046,2047,2050,2060,2061,2062,2063,2064\",\n            \"mqttInfo\": {\n                \"clientId\": \"web-b15793bddd437cfda92b2fca2cf22163\",\n                \"heartbeat\": 10,\n                \"password\": \"tpson102304\",\n                \"protocolVersion\": \"MQTT3.1.1\",\n                \"server\": \"ws://14.116.192.19:25671/ws\",\n                \"username\": \"tpson\"\n            },\n            \"name\": \"tpson003\",\n            \"phone\": \"15736740078\",\n            \"posX\": \"120.17017364501955\",\n            \"posY\": \"30.24027637293337\",\n            \"userId\": 434069036964249600,\n            \"userPhotoUrl\": \"19efb150461686d4d755216705da54dc\",\n            \"userType\": 5\n        }\n    },\n    \"resultCode\": \"SUCCESS\",\n    \"success\": true\n}', 200, 104, NULL, 0, 1597971478, 1597971478);
INSERT INTO `api_request_result` VALUES (10, 3, '登录', NULL, NULL, '[{\"value\":\"application/x-www-form-urlencoded\",\"key\":\"Content-Type\"}]', '[{\"value\":\"tpson003\",\"key\":\"username\"},{\"value\":\"d0c305881c28d5a61138b240c7297200\",\"key\":\"password\"},{\"value\":\"login\",\"key\":\"submit\"}]', 'Post', 'http://14.116.192.19:8884/self_operator/login', '{\n    \"code\": 0,\n    \"data\": {\n        \"user\": {\n            \"departmentId\": 0,\n            \"departmentName\": \"\",\n            \"enterpriseId\": 4,\n            \"enterpriseName\": \"自运营企业\",\n            \"isPrimary\": true,\n            \"logoPhotoId\": \"df3f3fe4997d860fc24397adf512e919\",\n            \"modules\": \"2000,2001,2002,2003,2010,2013,2012,2011,2014,2015,2020,2021,2022,2023,2030,2031,2032,2033,2034,2035,2036,2040,2041,2042,2043,2044,2045,2046,2047,2050,2060,2061,2062,2063,2064,2080,2081,2082,2083,2084,2085\",\n            \"mqttInfo\": {\n                \"clientId\": \"web-c949791f0743f3adb5eade5bd3c52f82\",\n                \"heartbeat\": 10,\n                \"password\": \"tpson102304\",\n                \"protocolVersion\": \"MQTT3.1.1\",\n                \"server\": \"ws://14.116.192.19:25671/ws\",\n                \"username\": \"tpson\"\n            },\n            \"name\": \"tpson003\",\n            \"phone\": \"15736740078\",\n            \"posX\": \"120.17017364501955\",\n            \"posY\": \"30.24027637293337\",\n            \"userId\": 434069036964249600,\n            \"userPhotoUrl\": \"19efb150461686d4d755216705da54dc\",\n            \"userType\": 5\n        }\n    },\n    \"resultCode\": \"SUCCESS\",\n    \"success\": true\n}', 200, 1443, '[{\"checkList\":\"code\",\"result\":false,\"value\":\"0\"}]', 0, 1598318370, 1598318370);
INSERT INTO `api_request_result` VALUES (11, 3, '登录', NULL, NULL, '[{\"value\":\"application/x-www-form-urlencoded\",\"key\":\"Content-Type\"}]', '[{\"value\":\"tpson003\",\"key\":\"username\"},{\"value\":\"d0c305881c28d5a61138b240c7297200\",\"key\":\"password\"},{\"value\":\"login\",\"key\":\"submit\"}]', 'Post', 'http://14.116.192.19:8884/self_operator/login', '{\n    \"code\": 0,\n    \"data\": {\n        \"user\": {\n            \"departmentId\": 0,\n            \"departmentName\": \"\",\n            \"enterpriseId\": 4,\n            \"enterpriseName\": \"自运营企业\",\n            \"isPrimary\": true,\n            \"logoPhotoId\": \"df3f3fe4997d860fc24397adf512e919\",\n            \"modules\": \"2000,2001,2002,2003,2010,2013,2012,2011,2014,2015,2020,2021,2022,2023,2030,2031,2032,2033,2034,2035,2036,2040,2041,2042,2043,2044,2045,2046,2047,2050,2060,2061,2062,2063,2064,2080,2081,2082,2083,2084,2085\",\n            \"mqttInfo\": {\n                \"clientId\": \"web-8bdc505b77675da7a3197f6dab5bbf65\",\n                \"heartbeat\": 10,\n                \"password\": \"tpson102304\",\n                \"protocolVersion\": \"MQTT3.1.1\",\n                \"server\": \"ws://14.116.192.19:25671/ws\",\n                \"username\": \"tpson\"\n            },\n            \"name\": \"tpson003\",\n            \"phone\": \"15736740078\",\n            \"posX\": \"120.17017364501955\",\n            \"posY\": \"30.24027637293337\",\n            \"userId\": 434069036964249600,\n            \"userPhotoUrl\": \"19efb150461686d4d755216705da54dc\",\n            \"userType\": 5\n        }\n    },\n    \"resultCode\": \"SUCCESS\",\n    \"success\": true\n}', 200, 1806, '[{\"checkList\":\"code\",\"result\":true,\"value\":\"0\"}]', 1, 1598339773, 1598339773);
INSERT INTO `api_request_result` VALUES (12, 3, '登录', NULL, NULL, '[{\"value\":\"application/x-www-form-urlencoded\",\"key\":\"Content-Type\"}]', '[{\"value\":\"tpson003\",\"key\":\"username\"},{\"value\":\"d0c305881c28d5a61138b240c7297200\",\"key\":\"password\"},{\"value\":\"login\",\"key\":\"submit\"}]', 'Post', 'http://14.116.192.19:8884/self_operator/login', '{\n    \"code\": 0,\n    \"data\": {\n        \"user\": {\n            \"departmentId\": 0,\n            \"departmentName\": \"\",\n            \"enterpriseId\": 4,\n            \"enterpriseName\": \"自运营企业\",\n            \"isPrimary\": true,\n            \"logoPhotoId\": \"df3f3fe4997d860fc24397adf512e919\",\n            \"modules\": \"2000,2001,2002,2003,2010,2013,2012,2011,2014,2015,2020,2021,2022,2023,2030,2031,2032,2033,2034,2035,2036,2040,2041,2042,2043,2044,2045,2046,2047,2050,2060,2061,2062,2063,2064,2080,2081,2082,2083,2084,2085\",\n            \"mqttInfo\": {\n                \"clientId\": \"web-03514e3e1265b35570bd1e49c59e8673\",\n                \"heartbeat\": 10,\n                \"password\": \"tpson102304\",\n                \"protocolVersion\": \"MQTT3.1.1\",\n                \"server\": \"ws://14.116.192.19:25671/ws\",\n                \"username\": \"tpson\"\n            },\n            \"name\": \"tpson003\",\n            \"phone\": \"15736740078\",\n            \"posX\": \"120.17017364501955\",\n            \"posY\": \"30.24027637293337\",\n            \"userId\": 434069036964249600,\n            \"userPhotoUrl\": \"19efb150461686d4d755216705da54dc\",\n            \"userType\": 5\n        }\n    },\n    \"resultCode\": \"SUCCESS\",\n    \"success\": true\n}', 200, 144, '[{\"checkList\":\"data.user.name\",\"result\":true,\"value\":\"tpson003\"},{\"$ref\":\"$[0]\"}]', 1, 1598341399, 1598341399);
INSERT INTO `api_request_result` VALUES (13, 3, '登录', NULL, NULL, '[{\"value\":\"application/x-www-form-urlencoded\",\"key\":\"Content-Type\"}]', '[{\"value\":\"tpson003\",\"key\":\"username\"},{\"value\":\"d0c305881c28d5a61138b240c7297200\",\"key\":\"password\"},{\"value\":\"login\",\"key\":\"submit\"}]', 'Post', 'http://14.116.192.19:8884/self_operator/login', '{\n    \"code\": 0,\n    \"data\": {\n        \"user\": {\n            \"departmentId\": 0,\n            \"departmentName\": \"\",\n            \"enterpriseId\": 4,\n            \"enterpriseName\": \"自运营企业\",\n            \"isPrimary\": true,\n            \"logoPhotoId\": \"df3f3fe4997d860fc24397adf512e919\",\n            \"modules\": \"2000,2001,2002,2003,2010,2013,2012,2011,2014,2015,2020,2021,2022,2023,2030,2031,2032,2033,2034,2035,2036,2040,2041,2042,2043,2044,2045,2046,2047,2050,2060,2061,2062,2063,2064,2080,2081,2082,2083,2084,2085\",\n            \"mqttInfo\": {\n                \"clientId\": \"web-3d3c5c17e114756a90c525bb93b38c6c\",\n                \"heartbeat\": 10,\n                \"password\": \"tpson102304\",\n                \"protocolVersion\": \"MQTT3.1.1\",\n                \"server\": \"ws://14.116.192.19:25671/ws\",\n                \"username\": \"tpson\"\n            },\n            \"name\": \"tpson003\",\n            \"phone\": \"15736740078\",\n            \"posX\": \"120.17017364501955\",\n            \"posY\": \"30.24027637293337\",\n            \"userId\": 434069036964249600,\n            \"userPhotoUrl\": \"19efb150461686d4d755216705da54dc\",\n            \"userType\": 5\n        }\n    },\n    \"resultCode\": \"SUCCESS\",\n    \"success\": true\n}', 200, 1690, '[{\"checkList\":\"data.user.name\",\"result\":true,\"value\":\"tpson003\"},{\"$ref\":\"$[0]\"}]', 1, 1598342287, 1598342287);
INSERT INTO `api_request_result` VALUES (14, 3, '登录', NULL, NULL, '[{\"value\":\"application/x-www-form-urlencoded\",\"key\":\"Content-Type\"}]', '[{\"value\":\"tpson003\",\"key\":\"username\"},{\"value\":\"d0c305881c28d5a61138b240c7297200\",\"key\":\"password\"},{\"value\":\"login\",\"key\":\"submit\"}]', 'Post', 'http://14.116.192.19:8884/self_operator/login', '{\n    \"code\": 0,\n    \"data\": {\n        \"user\": {\n            \"departmentId\": 0,\n            \"departmentName\": \"\",\n            \"enterpriseId\": 4,\n            \"enterpriseName\": \"自运营企业\",\n            \"isPrimary\": true,\n            \"logoPhotoId\": \"df3f3fe4997d860fc24397adf512e919\",\n            \"modules\": \"2000,2001,2002,2003,2010,2013,2012,2011,2014,2015,2020,2021,2022,2023,2030,2031,2032,2033,2034,2035,2036,2040,2041,2042,2043,2044,2045,2046,2047,2050,2060,2061,2062,2063,2064,2080,2081,2082,2083,2084,2085\",\n            \"mqttInfo\": {\n                \"clientId\": \"web-8e6f7fe621071ce7e8fd605041cb5274\",\n                \"heartbeat\": 10,\n                \"password\": \"tpson102304\",\n                \"protocolVersion\": \"MQTT3.1.1\",\n                \"server\": \"ws://14.116.192.19:25671/ws\",\n                \"username\": \"tpson\"\n            },\n            \"name\": \"tpson003\",\n            \"phone\": \"15736740078\",\n            \"posX\": \"120.17017364501955\",\n            \"posY\": \"30.24027637293337\",\n            \"userId\": 434069036964249600,\n            \"userPhotoUrl\": \"19efb150461686d4d755216705da54dc\",\n            \"userType\": 5\n        }\n    },\n    \"resultCode\": \"SUCCESS\",\n    \"success\": true\n}', 200, 1509, '[{\"checkList\":\"data.user.name\",\"result\":true,\"value\":\"tpson003\"},{\"$ref\":\"$[0]\"}]', 1, 1598342462, 1598342462);
INSERT INTO `api_request_result` VALUES (15, 3, '登录', NULL, NULL, '[{\"value\":\"application/x-www-form-urlencoded\",\"key\":\"Content-Type\"}]', '[{\"value\":\"tpson003\",\"key\":\"username\"},{\"value\":\"d0c305881c28d5a61138b240c7297200\",\"key\":\"password\"},{\"value\":\"login\",\"key\":\"submit\"}]', 'Post', 'http://14.116.192.19:8884/self_operator/login', '{\n    \"code\": 0,\n    \"data\": {\n        \"user\": {\n            \"departmentId\": 0,\n            \"departmentName\": \"\",\n            \"enterpriseId\": 4,\n            \"enterpriseName\": \"自运营企业\",\n            \"isPrimary\": true,\n            \"logoPhotoId\": \"df3f3fe4997d860fc24397adf512e919\",\n            \"modules\": \"2000,2001,2002,2003,2010,2013,2012,2011,2014,2015,2020,2021,2022,2023,2030,2031,2032,2033,2034,2035,2036,2040,2041,2042,2043,2044,2045,2046,2047,2050,2060,2061,2062,2063,2064,2080,2081,2082,2083,2084,2085\",\n            \"mqttInfo\": {\n                \"clientId\": \"web-208719da0dfe46472ec539bd7c545cbb\",\n                \"heartbeat\": 10,\n                \"password\": \"tpson102304\",\n                \"protocolVersion\": \"MQTT3.1.1\",\n                \"server\": \"ws://14.116.192.19:25671/ws\",\n                \"username\": \"tpson\"\n            },\n            \"name\": \"tpson003\",\n            \"phone\": \"15736740078\",\n            \"posX\": \"120.17017364501955\",\n            \"posY\": \"30.24027637293337\",\n            \"userId\": 434069036964249600,\n            \"userPhotoUrl\": \"19efb150461686d4d755216705da54dc\",\n            \"userType\": 5\n        }\n    },\n    \"resultCode\": \"SUCCESS\",\n    \"success\": true\n}', 200, 118, '[{\"checkList\":\"data.user.name\",\"result\":true,\"value\":\"tpson003\"},{\"$ref\":\"$[0]\"}]', 1, 1598342505, 1598342505);
INSERT INTO `api_request_result` VALUES (16, 3, '登录', NULL, NULL, '[{\"value\":\"application/x-www-form-urlencoded\",\"key\":\"Content-Type\"}]', '[{\"value\":\"tpson003\",\"key\":\"username\"},{\"value\":\"d0c305881c28d5a61138b240c7297200\",\"key\":\"password\"},{\"value\":\"login\",\"key\":\"submit\"}]', 'Post', 'http://14.116.192.19:8884/self_operator/login', '{\n    \"code\": 0,\n    \"data\": {\n        \"user\": {\n            \"departmentId\": 0,\n            \"departmentName\": \"\",\n            \"enterpriseId\": 4,\n            \"enterpriseName\": \"自运营企业\",\n            \"isPrimary\": true,\n            \"logoPhotoId\": \"df3f3fe4997d860fc24397adf512e919\",\n            \"modules\": \"2000,2001,2002,2003,2010,2013,2012,2011,2014,2015,2020,2021,2022,2023,2030,2031,2032,2033,2034,2035,2036,2040,2041,2042,2043,2044,2045,2046,2047,2050,2060,2061,2062,2063,2064,2080,2081,2082,2083,2084,2085\",\n            \"mqttInfo\": {\n                \"clientId\": \"web-f358ea415a5924d91de0641fad89c0ac\",\n                \"heartbeat\": 10,\n                \"password\": \"tpson102304\",\n                \"protocolVersion\": \"MQTT3.1.1\",\n                \"server\": \"ws://14.116.192.19:25671/ws\",\n                \"username\": \"tpson\"\n            },\n            \"name\": \"tpson003\",\n            \"phone\": \"15736740078\",\n            \"posX\": \"120.17017364501955\",\n            \"posY\": \"30.24027637293337\",\n            \"userId\": 434069036964249600,\n            \"userPhotoUrl\": \"19efb150461686d4d755216705da54dc\",\n            \"userType\": 5\n        }\n    },\n    \"resultCode\": \"SUCCESS\",\n    \"success\": true\n}', 200, 1531, '[{\"checkList\":\"data.user.name\",\"result\":true,\"value\":\"tpson003\"},{\"$ref\":\"$[0]\"}]', 1, 1598343022, 1598343022);
INSERT INTO `api_request_result` VALUES (17, 3, '登录', NULL, NULL, '[{\"value\":\"application/x-www-form-urlencoded\",\"key\":\"Content-Type\"}]', '[{\"value\":\"tpson003\",\"key\":\"username\"},{\"value\":\"d0c305881c28d5a61138b240c7297200\",\"key\":\"password\"},{\"value\":\"login\",\"key\":\"submit\"}]', 'Post', 'http://14.116.192.19:8884/self_operator/login', '{\n    \"code\": 0,\n    \"data\": {\n        \"user\": {\n            \"departmentId\": 0,\n            \"departmentName\": \"\",\n            \"enterpriseId\": 4,\n            \"enterpriseName\": \"自运营企业\",\n            \"isPrimary\": true,\n            \"logoPhotoId\": \"df3f3fe4997d860fc24397adf512e919\",\n            \"modules\": \"2000,2001,2002,2003,2010,2013,2012,2011,2014,2015,2020,2021,2022,2023,2030,2031,2032,2033,2034,2035,2036,2040,2041,2042,2043,2044,2045,2046,2047,2050,2060,2061,2062,2063,2064,2080,2081,2082,2083,2084,2085\",\n            \"mqttInfo\": {\n                \"clientId\": \"web-ba803473d864686228e4cbd513b779fe\",\n                \"heartbeat\": 10,\n                \"password\": \"tpson102304\",\n                \"protocolVersion\": \"MQTT3.1.1\",\n                \"server\": \"ws://14.116.192.19:25671/ws\",\n                \"username\": \"tpson\"\n            },\n            \"name\": \"tpson003\",\n            \"phone\": \"15736740078\",\n            \"posX\": \"120.17017364501955\",\n            \"posY\": \"30.24027637293337\",\n            \"userId\": 434069036964249600,\n            \"userPhotoUrl\": \"19efb150461686d4d755216705da54dc\",\n            \"userType\": 5\n        }\n    },\n    \"resultCode\": \"SUCCESS\",\n    \"success\": true\n}', 200, 1574, '[{\"checkList\":\"data.user.name\",\"result\":true,\"value\":\"tpson003\"},{\"$ref\":\"$[0]\"}]', 1, 1598343316, 1598343316);
INSERT INTO `api_request_result` VALUES (18, 3, '登录', NULL, NULL, '[{\"value\":\"application/x-www-form-urlencoded\",\"key\":\"Content-Type\"}]', '[{\"value\":\"tpson003\",\"key\":\"username\"},{\"value\":\"d0c305881c28d5a61138b240c7297200\",\"key\":\"password\"},{\"value\":\"login\",\"key\":\"submit\"}]', 'Post', 'http://14.116.192.19:8884/self_operator/login', '{\n    \"code\": 0,\n    \"data\": {\n        \"user\": {\n            \"departmentId\": 0,\n            \"departmentName\": \"\",\n            \"enterpriseId\": 4,\n            \"enterpriseName\": \"自运营企业\",\n            \"isPrimary\": true,\n            \"logoPhotoId\": \"df3f3fe4997d860fc24397adf512e919\",\n            \"modules\": \"2000,2001,2002,2003,2010,2013,2012,2011,2014,2015,2020,2021,2022,2023,2030,2031,2032,2033,2034,2035,2036,2040,2041,2042,2043,2044,2045,2046,2047,2050,2060,2061,2062,2063,2064,2080,2081,2082,2083,2084,2085\",\n            \"mqttInfo\": {\n                \"clientId\": \"web-4314dcfa49fcc408e63da3ae4d63abdc\",\n                \"heartbeat\": 10,\n                \"password\": \"tpson102304\",\n                \"protocolVersion\": \"MQTT3.1.1\",\n                \"server\": \"ws://14.116.192.19:25671/ws\",\n                \"username\": \"tpson\"\n            },\n            \"name\": \"tpson003\",\n            \"phone\": \"15736740078\",\n            \"posX\": \"120.17017364501955\",\n            \"posY\": \"30.24027637293337\",\n            \"userId\": 434069036964249600,\n            \"userPhotoUrl\": \"19efb150461686d4d755216705da54dc\",\n            \"userType\": 5\n        }\n    },\n    \"resultCode\": \"SUCCESS\",\n    \"success\": true\n}', 200, 1722, '[{\"checkList\":\"data.user.name\",\"result\":true,\"value\":\"tpson003\"},{\"$ref\":\"$[0]\"}]', 1, 1598344486, 1598344486);
INSERT INTO `api_request_result` VALUES (19, 3, '登录', NULL, NULL, '[{\"value\":\"application/x-www-form-urlencoded\",\"key\":\"Content-Type\"}]', '[{\"value\":\"tpson003\",\"key\":\"username\"},{\"value\":\"d0c305881c28d5a61138b240c7297200\",\"key\":\"password\"},{\"value\":\"login\",\"key\":\"submit\"}]', 'Post', 'http://14.116.192.19:8884/self_operator/login', '{\n    \"code\": 0,\n    \"data\": {\n        \"user\": {\n            \"departmentId\": 0,\n            \"departmentName\": \"\",\n            \"enterpriseId\": 4,\n            \"enterpriseName\": \"自运营企业\",\n            \"isPrimary\": true,\n            \"logoPhotoId\": \"df3f3fe4997d860fc24397adf512e919\",\n            \"modules\": \"2000,2001,2002,2003,2010,2013,2012,2011,2014,2015,2020,2021,2022,2023,2030,2031,2032,2033,2034,2035,2036,2040,2041,2042,2043,2044,2045,2046,2047,2050,2060,2061,2062,2063,2064,2080,2081,2082,2083,2084,2085\",\n            \"mqttInfo\": {\n                \"clientId\": \"web-312d1f82349287acd555f531c06faaa4\",\n                \"heartbeat\": 10,\n                \"password\": \"tpson102304\",\n                \"protocolVersion\": \"MQTT3.1.1\",\n                \"server\": \"ws://14.116.192.19:25671/ws\",\n                \"username\": \"tpson\"\n            },\n            \"name\": \"tpson003\",\n            \"phone\": \"15736740078\",\n            \"posX\": \"120.17017364501955\",\n            \"posY\": \"30.24027637293337\",\n            \"userId\": 434069036964249600,\n            \"userPhotoUrl\": \"19efb150461686d4d755216705da54dc\",\n            \"userType\": 5\n        }\n    },\n    \"resultCode\": \"SUCCESS\",\n    \"success\": true\n}', 200, 1566, '[{\"checkList\":\"data.user.name\",\"result\":true,\"value\":\"tpson003\"},{\"$ref\":\"$[0]\"}]', 1, 1598344961, 1598344961);
INSERT INTO `api_request_result` VALUES (20, 3, '登录', NULL, NULL, '[{\"value\":\"application/x-www-form-urlencoded\",\"key\":\"Content-Type\"}]', '[{\"value\":\"tpson003\",\"key\":\"username\"},{\"value\":\"d0c305881c28d5a61138b240c7297200\",\"key\":\"password\"},{\"value\":\"login\",\"key\":\"submit\"}]', 'Post', 'http://14.116.192.19:8884/self_operator/login', '{\n    \"code\": 0,\n    \"data\": {\n        \"user\": {\n            \"departmentId\": 0,\n            \"departmentName\": \"\",\n            \"enterpriseId\": 4,\n            \"enterpriseName\": \"自运营企业\",\n            \"isPrimary\": true,\n            \"logoPhotoId\": \"df3f3fe4997d860fc24397adf512e919\",\n            \"modules\": \"2000,2001,2002,2003,2010,2013,2012,2011,2014,2015,2020,2021,2022,2023,2030,2031,2032,2033,2034,2035,2036,2040,2041,2042,2043,2044,2045,2046,2047,2050,2060,2061,2062,2063,2064,2080,2081,2082,2083,2084,2085\",\n            \"mqttInfo\": {\n                \"clientId\": \"web-0aa7b0549a6b2dc92ba31815496dea82\",\n                \"heartbeat\": 10,\n                \"password\": \"tpson102304\",\n                \"protocolVersion\": \"MQTT3.1.1\",\n                \"server\": \"ws://14.116.192.19:25671/ws\",\n                \"username\": \"tpson\"\n            },\n            \"name\": \"tpson003\",\n            \"phone\": \"15736740078\",\n            \"posX\": \"120.17017364501955\",\n            \"posY\": \"30.24027637293337\",\n            \"userId\": 434069036964249600,\n            \"userPhotoUrl\": \"19efb150461686d4d755216705da54dc\",\n            \"userType\": 5\n        }\n    },\n    \"resultCode\": \"SUCCESS\",\n    \"success\": true\n}', 200, 1617, '[{\"checkList\":\"code\",\"result\":true,\"value\":\"0\"},{\"checkList\":\"data.user.name\",\"result\":true,\"value\":\"tpson003\"}]', 1, 1598345461, 1598345461);
INSERT INTO `api_request_result` VALUES (21, 3, '登录', NULL, NULL, '[{\"value\":\"application/x-www-form-urlencoded\",\"key\":\"Content-Type\"}]', '[{\"value\":\"tpson003\",\"key\":\"username\"},{\"value\":\"d0c305881c28d5a61138b240c7297200\",\"key\":\"password\"},{\"value\":\"login\",\"key\":\"submit\"}]', 'Post', 'http://14.116.192.19:8884/self_operator/login', '{\n    \"code\": 0,\n    \"data\": {\n        \"user\": {\n            \"departmentId\": 0,\n            \"departmentName\": \"\",\n            \"enterpriseId\": 4,\n            \"enterpriseName\": \"自运营企业\",\n            \"isPrimary\": true,\n            \"logoPhotoId\": \"df3f3fe4997d860fc24397adf512e919\",\n            \"modules\": \"2000,2001,2002,2003,2010,2013,2012,2011,2014,2015,2020,2021,2022,2023,2030,2031,2032,2033,2034,2035,2036,2040,2041,2042,2043,2044,2045,2046,2047,2050,2060,2061,2062,2063,2064,2080,2081,2082,2083,2084,2085\",\n            \"mqttInfo\": {\n                \"clientId\": \"web-cf6d17860fb4829c0644250d1ade7442\",\n                \"heartbeat\": 10,\n                \"password\": \"tpson102304\",\n                \"protocolVersion\": \"MQTT3.1.1\",\n                \"server\": \"ws://14.116.192.19:25671/ws\",\n                \"username\": \"tpson\"\n            },\n            \"name\": \"tpson003\",\n            \"phone\": \"15736740078\",\n            \"posX\": \"120.17017364501955\",\n            \"posY\": \"30.24027637293337\",\n            \"userId\": 434069036964249600,\n            \"userPhotoUrl\": \"19efb150461686d4d755216705da54dc\",\n            \"userType\": 5\n        }\n    },\n    \"resultCode\": \"SUCCESS\",\n    \"success\": true\n}', 200, 198, '[{\"checkList\":\"code\",\"result\":true,\"value\":\"0\"},{\"checkList\":\"data.user.name\",\"result\":true,\"value\":\"tpson003\"},{\"checkList\":\"data.user.phone\",\"result\":false,\"value\":\"15736740079\"}]', 1, 1598346561, 1598346561);
INSERT INTO `api_request_result` VALUES (22, 3, '登录', NULL, NULL, '[{\"value\":\"application/x-www-form-urlencoded\",\"key\":\"Content-Type\"}]', '[{\"value\":\"tpson003\",\"key\":\"username\"},{\"value\":\"d0c305881c28d5a61138b240c7297200\",\"key\":\"password\"},{\"value\":\"login\",\"key\":\"submit\"}]', 'Post', 'http://14.116.192.19:8884/self_operator/login', '{\n    \"code\": 0,\n    \"data\": {\n        \"user\": {\n            \"departmentId\": 0,\n            \"departmentName\": \"\",\n            \"enterpriseId\": 4,\n            \"enterpriseName\": \"自运营企业\",\n            \"isPrimary\": true,\n            \"logoPhotoId\": \"df3f3fe4997d860fc24397adf512e919\",\n            \"modules\": \"2000,2001,2002,2003,2010,2013,2012,2011,2014,2015,2020,2021,2022,2023,2030,2031,2032,2033,2034,2035,2036,2040,2041,2042,2043,2044,2045,2046,2047,2050,2060,2061,2062,2063,2064,2080,2081,2082,2083,2084,2085\",\n            \"mqttInfo\": {\n                \"clientId\": \"web-4b5c074e515de133e9005e2dbb64483f\",\n                \"heartbeat\": 10,\n                \"password\": \"tpson102304\",\n                \"protocolVersion\": \"MQTT3.1.1\",\n                \"server\": \"ws://14.116.192.19:25671/ws\",\n                \"username\": \"tpson\"\n            },\n            \"name\": \"tpson003\",\n            \"phone\": \"15736740078\",\n            \"posX\": \"120.17017364501955\",\n            \"posY\": \"30.24027637293337\",\n            \"userId\": 434069036964249600,\n            \"userPhotoUrl\": \"19efb150461686d4d755216705da54dc\",\n            \"userType\": 5\n        }\n    },\n    \"resultCode\": \"SUCCESS\",\n    \"success\": true\n}', 200, 2414, '[{\"checkList\":\"code\",\"result\":true,\"value\":\"0\"},{\"checkList\":\"data.user.name\",\"result\":true,\"value\":\"tpson003\"},{\"checkList\":\"data.user.phone\",\"result\":false,\"value\":\"15736740079\"}]', 1, 1598346705, 1598346705);
INSERT INTO `api_request_result` VALUES (23, 3, '登录', NULL, NULL, '[{\"value\":\"application/x-www-form-urlencoded\",\"key\":\"Content-Type\"}]', '[{\"value\":\"tpson003\",\"key\":\"username\"},{\"value\":\"d0c305881c28d5a61138b240c7297200\",\"key\":\"password\"},{\"value\":\"login\",\"key\":\"submit\"}]', 'Post', 'http://14.116.192.19:8884/self_operator/login', '{\n    \"code\": 0,\n    \"data\": {\n        \"user\": {\n            \"departmentId\": 0,\n            \"departmentName\": \"\",\n            \"enterpriseId\": 4,\n            \"enterpriseName\": \"自运营企业\",\n            \"isPrimary\": true,\n            \"logoPhotoId\": \"df3f3fe4997d860fc24397adf512e919\",\n            \"modules\": \"2000,2001,2002,2003,2010,2013,2012,2011,2014,2015,2020,2021,2022,2023,2030,2031,2032,2033,2034,2035,2036,2040,2041,2042,2043,2044,2045,2046,2047,2050,2060,2061,2062,2063,2064,2080,2081,2082,2083,2084,2085\",\n            \"mqttInfo\": {\n                \"clientId\": \"web-25f3d21469b6ac6137df9463815251bf\",\n                \"heartbeat\": 10,\n                \"password\": \"tpson102304\",\n                \"protocolVersion\": \"MQTT3.1.1\",\n                \"server\": \"ws://14.116.192.19:25671/ws\",\n                \"username\": \"tpson\"\n            },\n            \"name\": \"tpson003\",\n            \"phone\": \"15736740078\",\n            \"posX\": \"120.17017364501955\",\n            \"posY\": \"30.24027637293337\",\n            \"userId\": 434069036964249600,\n            \"userPhotoUrl\": \"19efb150461686d4d755216705da54dc\",\n            \"userType\": 5\n        }\n    },\n    \"resultCode\": \"SUCCESS\",\n    \"success\": true\n}', 200, 2454, '[{\"checkList\":\"code\",\"result\":true,\"value\":\"0\"},{\"checkList\":\"data.user.name\",\"result\":true,\"value\":\"tpson003\"},{\"checkList\":\"data.user.phone\",\"result\":false,\"value\":\"15736740079\"}]', 0, 1598346786, 1598346786);
INSERT INTO `api_request_result` VALUES (24, 3, '登录', NULL, NULL, '[{\"value\":\"application/x-www-form-urlencoded\",\"key\":\"Content-Type\"}]', '[{\"value\":\"tpson003\",\"key\":\"username\"},{\"value\":\"d0c305881c28d5a61138b240c7297200\",\"key\":\"password\"},{\"value\":\"login\",\"key\":\"submit\"}]', 'Post', 'http://14.116.192.19:8884/self_operator/login', '{\n    \"code\": 0,\n    \"data\": {\n        \"user\": {\n            \"departmentId\": 0,\n            \"departmentName\": \"\",\n            \"enterpriseId\": 4,\n            \"enterpriseName\": \"自运营企业\",\n            \"isPrimary\": true,\n            \"logoPhotoId\": \"655de17e0f59841cf1c0aac9851a683c\",\n            \"modules\": \"2000,2001,2002,2003,2010,2012,2011,2014,2015,2013,2020,2021,2022,2023,2080,2081,2082,2083,2084,2085,2030,2031,2032,2033,2034,2035,2036,2040,2041,2042,2043,2044,2045,2046,2047,2050,2060,2061,2062,2063,2064\",\n            \"mqttInfo\": {\n                \"clientId\": \"web-188708b760ade86a07ef701e2521a484\",\n                \"heartbeat\": 10,\n                \"password\": \"tpson102304\",\n                \"protocolVersion\": \"MQTT3.1.1\",\n                \"server\": \"ws://14.116.192.19:25671/ws\",\n                \"username\": \"tpson\"\n            },\n            \"name\": \"tpson003\",\n            \"phone\": \"15736740078\",\n            \"posX\": \"120.17017364501955\",\n            \"posY\": \"30.24027637293337\",\n            \"userId\": 434069036964249600,\n            \"userPhotoUrl\": \"19efb150461686d4d755216705da54dc\",\n            \"userType\": 5\n        }\n    },\n    \"resultCode\": \"SUCCESS\",\n    \"success\": true\n}', 200, 1950, '[{\"checkList\":\"code\",\"result\":true,\"value\":\"0\"},{\"checkList\":\"data.user.name\",\"result\":true,\"value\":\"tpson003\"},{\"checkList\":\"data.user.phone\",\"result\":false,\"value\":\"15736740079\"}]', 0, 1599552016, 1599552016);
INSERT INTO `api_request_result` VALUES (25, 3, '登录', NULL, NULL, '[{\"value\":\"application/x-www-form-urlencoded\",\"key\":\"Content-Type\"}]', '[{\"value\":\"tpson003\",\"key\":\"username\"},{\"value\":\"d0c305881c28d5a61138b240c7297200\",\"key\":\"password\"},{\"value\":\"login\",\"key\":\"submit\"}]', 'Post', 'http://14.116.192.19:8884/self_operator/login', '{\n    \"code\": 0,\n    \"data\": {\n        \"user\": {\n            \"departmentId\": 0,\n            \"departmentName\": \"\",\n            \"enterpriseId\": 4,\n            \"enterpriseName\": \"自运营企业\",\n            \"isPrimary\": true,\n            \"logoPhotoId\": \"655de17e0f59841cf1c0aac9851a683c\",\n            \"modules\": \"2000,2001,2002,2003,2010,2012,2011,2014,2015,2013,2020,2021,2022,2023,2080,2081,2082,2083,2084,2085,2030,2031,2032,2033,2034,2035,2036,2040,2041,2042,2043,2044,2045,2046,2047,2050,2060,2061,2062,2063,2064\",\n            \"mqttInfo\": {\n                \"clientId\": \"web-5e15a3dfa7726258892594b3a7756400\",\n                \"heartbeat\": 10,\n                \"password\": \"tpson102304\",\n                \"protocolVersion\": \"MQTT3.1.1\",\n                \"server\": \"ws://14.116.192.19:25671/ws\",\n                \"username\": \"tpson\"\n            },\n            \"name\": \"tpson003\",\n            \"phone\": \"15736740078\",\n            \"posX\": \"120.17017364501955\",\n            \"posY\": \"30.24027637293337\",\n            \"userId\": 434069036964249600,\n            \"userPhotoUrl\": \"19efb150461686d4d755216705da54dc\",\n            \"userType\": 5\n        }\n    },\n    \"resultCode\": \"SUCCESS\",\n    \"success\": true\n}', 200, 217, '[{\"checkList\":\"code\",\"result\":true,\"value\":\"0\"},{\"checkList\":\"data.user.name\",\"result\":true,\"value\":\"tpson003\"},{\"checkList\":\"data.user.phone\",\"result\":false,\"value\":\"15736740079\"}]', 0, 1599552041, 1599552041);
INSERT INTO `api_request_result` VALUES (26, 3, '登录', NULL, NULL, '[{\"value\":\"application/x-www-form-urlencoded\",\"key\":\"Content-Type\"}]', '[{\"value\":\"tpson003\",\"key\":\"username\"},{\"value\":\"d0c305881c28d5a61138b240c7297200\",\"key\":\"password\"},{\"value\":\"login\",\"key\":\"submit\"}]', 'Post', 'http://14.116.192.19:8884/self_operator/login', '{\n    \"code\": 0,\n    \"data\": {\n        \"user\": {\n            \"departmentId\": 0,\n            \"departmentName\": \"\",\n            \"enterpriseId\": 4,\n            \"enterpriseName\": \"自运营企业\",\n            \"isPrimary\": true,\n            \"logoPhotoId\": \"655de17e0f59841cf1c0aac9851a683c\",\n            \"modules\": \"2000,2001,2002,2003,2010,2012,2011,2014,2015,2013,2020,2021,2022,2023,2080,2081,2082,2083,2084,2085,2030,2031,2032,2033,2034,2035,2036,2040,2041,2042,2043,2044,2045,2046,2047,2050,2060,2061,2062,2063,2064\",\n            \"mqttInfo\": {\n                \"clientId\": \"web-5126a9ff9f160e89601ad7e4345e58a4\",\n                \"heartbeat\": 10,\n                \"password\": \"tpson102304\",\n                \"protocolVersion\": \"MQTT3.1.1\",\n                \"server\": \"ws://14.116.192.19:25671/ws\",\n                \"username\": \"tpson\"\n            },\n            \"name\": \"tpson003\",\n            \"phone\": \"15736740078\",\n            \"posX\": \"120.17017364501955\",\n            \"posY\": \"30.24027637293337\",\n            \"userId\": 434069036964249600,\n            \"userPhotoUrl\": \"19efb150461686d4d755216705da54dc\",\n            \"userType\": 5\n        }\n    },\n    \"resultCode\": \"SUCCESS\",\n    \"success\": true\n}', 200, 353, '[{\"checkList\":\"code\",\"result\":true,\"value\":\"0\"},{\"checkList\":\"data.user.name\",\"result\":true,\"value\":\"tpson003\"},{\"checkList\":\"data.user.phone\",\"result\":false,\"value\":\"15736740079\"}]', 0, 1599553333, 1599553333);
INSERT INTO `api_request_result` VALUES (27, 3, '登录', NULL, NULL, '[{\"value\":\"application/x-www-form-urlencoded\",\"key\":\"Content-Type\"}]', '[{\"value\":\"tpson003\",\"key\":\"username\"},{\"value\":\"d0c305881c28d5a61138b240c7297200\",\"key\":\"password\"},{\"value\":\"login\",\"key\":\"submit\"}]', 'Post', 'http://14.116.192.19:8884/self_operator/login', '{\n    \"code\": 0,\n    \"data\": {\n        \"user\": {\n            \"departmentId\": 0,\n            \"departmentName\": \"\",\n            \"enterpriseId\": 4,\n            \"enterpriseName\": \"自运营企业\",\n            \"isPrimary\": true,\n            \"logoPhotoId\": \"655de17e0f59841cf1c0aac9851a683c\",\n            \"modules\": \"2000,2001,2002,2003,2010,2012,2011,2014,2015,2013,2020,2021,2022,2023,2080,2081,2082,2083,2084,2085,2030,2031,2032,2033,2034,2035,2036,2040,2041,2042,2043,2044,2045,2046,2047,2050,2060,2061,2062,2063,2064\",\n            \"mqttInfo\": {\n                \"clientId\": \"web-f7ba6a1d8837d11070de92ebe8f1a1df\",\n                \"heartbeat\": 10,\n                \"password\": \"tpson102304\",\n                \"protocolVersion\": \"MQTT3.1.1\",\n                \"server\": \"ws://14.116.192.19:25671/ws\",\n                \"username\": \"tpson\"\n            },\n            \"name\": \"tpson003\",\n            \"phone\": \"15736740078\",\n            \"posX\": \"120.17017364501955\",\n            \"posY\": \"30.24027637293337\",\n            \"userId\": 434069036964249600,\n            \"userPhotoUrl\": \"19efb150461686d4d755216705da54dc\",\n            \"userType\": 5\n        }\n    },\n    \"resultCode\": \"SUCCESS\",\n    \"success\": true\n}', 200, 318, '[{\"checkList\":\"code\",\"result\":true,\"value\":\"0\"},{\"checkList\":\"data.user.name\",\"result\":true,\"value\":\"tpson003\"},{\"checkList\":\"data.user.phone\",\"result\":false,\"value\":\"15736740079\"}]', 0, 1599553378, 1599553378);
INSERT INTO `api_request_result` VALUES (28, 3, '登录', NULL, NULL, '[{\"value\":\"application/x-www-form-urlencoded\",\"key\":\"Content-Type\"}]', '[{\"value\":\"tpson003\",\"key\":\"username\"},{\"value\":\"d0c305881c28d5a61138b240c7297200\",\"key\":\"password\"},{\"value\":\"login\",\"key\":\"submit\"}]', 'Post', 'http://14.116.192.19:8884/self_operator/login', '{\n    \"code\": 0,\n    \"data\": {\n        \"user\": {\n            \"departmentId\": 0,\n            \"departmentName\": \"\",\n            \"enterpriseId\": 4,\n            \"enterpriseName\": \"自运营企业\",\n            \"isPrimary\": true,\n            \"logoPhotoId\": \"655de17e0f59841cf1c0aac9851a683c\",\n            \"modules\": \"2000,2001,2002,2003,2010,2012,2011,2014,2015,2013,2020,2021,2022,2023,2080,2081,2082,2083,2084,2085,2030,2031,2032,2033,2034,2035,2036,2040,2041,2042,2043,2044,2045,2046,2047,2050,2060,2061,2062,2063,2064\",\n            \"mqttInfo\": {\n                \"clientId\": \"web-3564405f1693b42b1928b38004e28b95\",\n                \"heartbeat\": 10,\n                \"password\": \"tpson102304\",\n                \"protocolVersion\": \"MQTT3.1.1\",\n                \"server\": \"ws://14.116.192.19:25671/ws\",\n                \"username\": \"tpson\"\n            },\n            \"name\": \"tpson003\",\n            \"phone\": \"15736740078\",\n            \"posX\": \"120.17017364501955\",\n            \"posY\": \"30.24027637293337\",\n            \"userId\": 434069036964249600,\n            \"userPhotoUrl\": \"19efb150461686d4d755216705da54dc\",\n            \"userType\": 5\n        }\n    },\n    \"resultCode\": \"SUCCESS\",\n    \"success\": true\n}', 200, 101, '[{\"checkList\":\"code\",\"result\":true,\"value\":\"0\"},{\"checkList\":\"data.user.name\",\"result\":true,\"value\":\"tpson003\"},{\"checkList\":\"data.user.phone\",\"result\":false,\"value\":\"15736740079\"}]', 0, 1599553471, 1599553471);
INSERT INTO `api_request_result` VALUES (29, 3, '登录', NULL, NULL, '[{\"value\":\"application/x-www-form-urlencoded\",\"key\":\"Content-Type\"}]', '[{\"value\":\"tpson003\",\"key\":\"username\"},{\"value\":\"d0c305881c28d5a61138b240c7297200\",\"key\":\"password\"},{\"value\":\"login\",\"key\":\"submit\"}]', 'Post', 'http://14.116.192.19:8884/self_operator/login', '{\n    \"code\": 0,\n    \"data\": {\n        \"user\": {\n            \"departmentId\": 0,\n            \"departmentName\": \"\",\n            \"enterpriseId\": 4,\n            \"enterpriseName\": \"自运营企业\",\n            \"isPrimary\": true,\n            \"logoPhotoId\": \"655de17e0f59841cf1c0aac9851a683c\",\n            \"modules\": \"2000,2001,2002,2003,2010,2012,2011,2014,2015,2013,2020,2021,2022,2023,2080,2081,2082,2083,2084,2085,2030,2031,2032,2033,2034,2035,2036,2040,2041,2042,2043,2044,2045,2046,2047,2050,2060,2061,2062,2063,2064\",\n            \"mqttInfo\": {\n                \"clientId\": \"web-ba89a73120cfbe3173634e0f06100f52\",\n                \"heartbeat\": 10,\n                \"password\": \"tpson102304\",\n                \"protocolVersion\": \"MQTT3.1.1\",\n                \"server\": \"ws://14.116.192.19:25671/ws\",\n                \"username\": \"tpson\"\n            },\n            \"name\": \"tpson003\",\n            \"phone\": \"15736740078\",\n            \"posX\": \"120.17017364501955\",\n            \"posY\": \"30.24027637293337\",\n            \"userId\": 434069036964249600,\n            \"userPhotoUrl\": \"19efb150461686d4d755216705da54dc\",\n            \"userType\": 5\n        }\n    },\n    \"resultCode\": \"SUCCESS\",\n    \"success\": true\n}', 200, 111, '[{\"checkList\":\"code\",\"result\":true,\"value\":\"0\"},{\"checkList\":\"data.user.name\",\"result\":true,\"value\":\"tpson003\"},{\"checkList\":\"data.user.phone\",\"result\":false,\"value\":\"15736740079\"}]', 0, 1599553576, 1599553576);
INSERT INTO `api_request_result` VALUES (30, 3, '登录', NULL, NULL, '[{\"value\":\"application/x-www-form-urlencoded\",\"key\":\"Content-Type\"}]', '[{\"value\":\"tpson003\",\"key\":\"username\"},{\"value\":\"d0c305881c28d5a61138b240c7297200\",\"key\":\"password\"},{\"value\":\"login\",\"key\":\"submit\"}]', 'Post', 'http://14.116.192.19:8884/self_operator/login', '{\n    \"code\": 0,\n    \"data\": {\n        \"user\": {\n            \"departmentId\": 0,\n            \"departmentName\": \"\",\n            \"enterpriseId\": 4,\n            \"enterpriseName\": \"自运营企业\",\n            \"isPrimary\": true,\n            \"logoPhotoId\": \"655de17e0f59841cf1c0aac9851a683c\",\n            \"modules\": \"2000,2001,2002,2003,2010,2012,2011,2014,2015,2013,2020,2021,2022,2023,2080,2081,2082,2083,2084,2085,2030,2031,2032,2033,2034,2035,2036,2040,2041,2042,2043,2044,2045,2046,2047,2050,2060,2061,2062,2063,2064\",\n            \"mqttInfo\": {\n                \"clientId\": \"web-62812e69df8b73b787afb7520ea559b2\",\n                \"heartbeat\": 10,\n                \"password\": \"tpson102304\",\n                \"protocolVersion\": \"MQTT3.1.1\",\n                \"server\": \"ws://14.116.192.19:25671/ws\",\n                \"username\": \"tpson\"\n            },\n            \"name\": \"tpson003\",\n            \"phone\": \"15736740078\",\n            \"posX\": \"120.17017364501955\",\n            \"posY\": \"30.24027637293337\",\n            \"userId\": 434069036964249600,\n            \"userPhotoUrl\": \"19efb150461686d4d755216705da54dc\",\n            \"userType\": 5\n        }\n    },\n    \"resultCode\": \"SUCCESS\",\n    \"success\": true\n}', 200, 1696, '[{\"checkList\":\"code\",\"result\":true,\"value\":\"0\"},{\"checkList\":\"data.user.name\",\"result\":true,\"value\":\"tpson003\"},{\"checkList\":\"data.user.phone\",\"result\":false,\"value\":\"15736740079\"}]', 0, 1599656100, 1599656100);
INSERT INTO `api_request_result` VALUES (31, 3, '登录', NULL, NULL, '[{\"value\":\"application/x-www-form-urlencoded\",\"key\":\"Content-Type\"}]', '[{\"value\":\"tpson003\",\"key\":\"username\"},{\"value\":\"d0c305881c28d5a61138b240c7297200\",\"key\":\"password\"},{\"value\":\"login\",\"key\":\"submit\"}]', 'Post', 'http://14.116.192.19:8884/self_operator/login', '{\n    \"code\": 0,\n    \"data\": {\n        \"user\": {\n            \"departmentId\": 0,\n            \"departmentName\": \"\",\n            \"enterpriseId\": 4,\n            \"enterpriseName\": \"自运营企业\",\n            \"isPrimary\": true,\n            \"logoPhotoId\": \"655de17e0f59841cf1c0aac9851a683c\",\n            \"modules\": \"2000,2001,2002,2003,2010,2012,2011,2014,2015,2013,2020,2021,2022,2023,2080,2081,2082,2083,2084,2085,2030,2031,2032,2033,2034,2035,2036,2040,2041,2042,2043,2044,2045,2046,2047,2050,2060,2061,2062,2063,2064\",\n            \"mqttInfo\": {\n                \"clientId\": \"web-442f42a79c338efc651dba8a1d069595\",\n                \"heartbeat\": 10,\n                \"password\": \"tpson102304\",\n                \"protocolVersion\": \"MQTT3.1.1\",\n                \"server\": \"ws://14.116.192.19:25671/ws\",\n                \"username\": \"tpson\"\n            },\n            \"name\": \"tpson003\",\n            \"phone\": \"15736740078\",\n            \"posX\": \"120.17017364501955\",\n            \"posY\": \"30.24027637293337\",\n            \"userId\": 434069036964249600,\n            \"userPhotoUrl\": \"19efb150461686d4d755216705da54dc\",\n            \"userType\": 5\n        }\n    },\n    \"resultCode\": \"SUCCESS\",\n    \"success\": true\n}', 200, 116, '[{\"checkList\":\"code\",\"result\":true,\"value\":\"0\"},{\"checkList\":\"data.user.name\",\"result\":true,\"value\":\"tpson003\"},{\"checkList\":\"data.user.phone\",\"result\":false,\"value\":\"15736740079\"}]', 0, 1599656239, 1599656239);
INSERT INTO `api_request_result` VALUES (32, 3, '登录', NULL, NULL, '[{\"value\":\"application/x-www-form-urlencoded\",\"key\":\"Content-Type\"}]', '[{\"value\":\"tpson003\",\"key\":\"username\"},{\"value\":\"d0c305881c28d5a61138b240c7297200\",\"key\":\"password\"},{\"value\":\"login\",\"key\":\"submit\"}]', 'Post', 'http://14.116.192.19:8884/self_operator/login', '{\n    \"code\": 0,\n    \"data\": {\n        \"user\": {\n            \"departmentId\": 0,\n            \"departmentName\": \"\",\n            \"enterpriseId\": 4,\n            \"enterpriseName\": \"自运营企业\",\n            \"isPrimary\": true,\n            \"logoPhotoId\": \"655de17e0f59841cf1c0aac9851a683c\",\n            \"modules\": \"2000,2001,2002,2003,2010,2012,2011,2014,2015,2013,2020,2021,2022,2023,2080,2081,2082,2083,2084,2085,2030,2031,2032,2033,2034,2035,2036,2040,2041,2042,2043,2044,2045,2046,2047,2050,2060,2061,2062,2063,2064\",\n            \"mqttInfo\": {\n                \"clientId\": \"web-688f933d90d6d74be2b0822e73ae65bb\",\n                \"heartbeat\": 10,\n                \"password\": \"tpson102304\",\n                \"protocolVersion\": \"MQTT3.1.1\",\n                \"server\": \"ws://14.116.192.19:25671/ws\",\n                \"username\": \"tpson\"\n            },\n            \"name\": \"tpson003\",\n            \"phone\": \"15736740078\",\n            \"posX\": \"120.17017364501955\",\n            \"posY\": \"30.24027637293337\",\n            \"userId\": 434069036964249600,\n            \"userPhotoUrl\": \"19efb150461686d4d755216705da54dc\",\n            \"userType\": 5\n        }\n    },\n    \"resultCode\": \"SUCCESS\",\n    \"success\": true\n}', 200, 109, '[{\"checkList\":\"code\",\"result\":true,\"value\":\"0\"},{\"checkList\":\"data.user.name\",\"result\":true,\"value\":\"tpson003\"},{\"checkList\":\"data.user.phone\",\"result\":false,\"value\":\"15736740079\"}]', 0, 1599656332, 1599656332);
INSERT INTO `api_request_result` VALUES (33, 3, '登录', NULL, NULL, '[{\"value\":\"application/x-www-form-urlencoded\",\"key\":\"Content-Type\"}]', '[{\"value\":\"tpson003\",\"key\":\"username\"},{\"value\":\"d0c305881c28d5a61138b240c7297200\",\"key\":\"password\"},{\"value\":\"login\",\"key\":\"submit\"}]', 'Post', 'http://14.116.192.19:8884/self_operator/login', '{\n    \"code\": 0,\n    \"data\": {\n        \"user\": {\n            \"departmentId\": 0,\n            \"departmentName\": \"\",\n            \"enterpriseId\": 4,\n            \"enterpriseName\": \"自运营企业\",\n            \"isPrimary\": true,\n            \"logoPhotoId\": \"655de17e0f59841cf1c0aac9851a683c\",\n            \"modules\": \"2000,2001,2002,2003,2010,2012,2011,2014,2015,2013,2020,2021,2022,2023,2080,2081,2082,2083,2084,2085,2030,2031,2032,2033,2034,2035,2036,2040,2041,2042,2043,2044,2045,2046,2047,2050,2060,2061,2062,2063,2064\",\n            \"mqttInfo\": {\n                \"clientId\": \"web-b4cf24f6d97a24f36e4e8b1f6666df29\",\n                \"heartbeat\": 10,\n                \"password\": \"tpson102304\",\n                \"protocolVersion\": \"MQTT3.1.1\",\n                \"server\": \"ws://14.116.192.19:25671/ws\",\n                \"username\": \"tpson\"\n            },\n            \"name\": \"tpson003\",\n            \"phone\": \"15736740078\",\n            \"posX\": \"120.17017364501955\",\n            \"posY\": \"30.24027637293337\",\n            \"userId\": 434069036964249600,\n            \"userPhotoUrl\": \"19efb150461686d4d755216705da54dc\",\n            \"userType\": 5\n        }\n    },\n    \"resultCode\": \"SUCCESS\",\n    \"success\": true\n}', 200, 132, '[{\"checkList\":\"code\",\"result\":true,\"value\":\"0\"},{\"checkList\":\"data.user.name\",\"result\":true,\"value\":\"tpson003\"},{\"checkList\":\"data.user.phone\",\"result\":false,\"value\":\"15736740079\"}]', 0, 1599656405, 1599656405);
INSERT INTO `api_request_result` VALUES (34, 3, '登录', NULL, NULL, '[{\"value\":\"application/x-www-form-urlencoded\",\"key\":\"Content-Type\"}]', '[{\"value\":\"tpson003\",\"key\":\"username\"},{\"value\":\"d0c305881c28d5a61138b240c7297200\",\"key\":\"password\"},{\"value\":\"login\",\"key\":\"submit\"}]', 'Post', 'http://14.116.192.19:8884/self_operator/login', '{\n    \"code\": 0,\n    \"data\": {\n        \"user\": {\n            \"departmentId\": 0,\n            \"departmentName\": \"\",\n            \"enterpriseId\": 4,\n            \"enterpriseName\": \"自运营企业\",\n            \"isPrimary\": true,\n            \"logoPhotoId\": \"655de17e0f59841cf1c0aac9851a683c\",\n            \"modules\": \"2000,2001,2002,2003,2010,2012,2011,2014,2015,2013,2020,2021,2022,2023,2080,2081,2082,2083,2084,2085,2030,2031,2032,2033,2034,2035,2036,2040,2041,2042,2043,2044,2045,2046,2047,2050,2060,2061,2062,2063,2064\",\n            \"mqttInfo\": {\n                \"clientId\": \"web-418537809e78b0e1645fcc020cfe2806\",\n                \"heartbeat\": 10,\n                \"password\": \"tpson102304\",\n                \"protocolVersion\": \"MQTT3.1.1\",\n                \"server\": \"ws://14.116.192.19:25671/ws\",\n                \"username\": \"tpson\"\n            },\n            \"name\": \"tpson003\",\n            \"phone\": \"15736740078\",\n            \"posX\": \"120.17017364501955\",\n            \"posY\": \"30.24027637293337\",\n            \"userId\": 434069036964249600,\n            \"userPhotoUrl\": \"19efb150461686d4d755216705da54dc\",\n            \"userType\": 5\n        }\n    },\n    \"resultCode\": \"SUCCESS\",\n    \"success\": true\n}', 200, 102, '[{\"checkList\":\"code\",\"result\":true,\"value\":\"0\"},{\"checkList\":\"data.user.name\",\"result\":true,\"value\":\"tpson003\"},{\"checkList\":\"data.user.phone\",\"result\":false,\"value\":\"15736740079\"}]', 0, 1599656418, 1599656418);
INSERT INTO `api_request_result` VALUES (35, 3, '登录', NULL, NULL, '[{\"value\":\"application/x-www-form-urlencoded\",\"key\":\"Content-Type\"}]', '[{\"value\":\"tpson003\",\"key\":\"username\"},{\"value\":\"d0c305881c28d5a61138b240c7297200\",\"key\":\"password\"},{\"value\":\"login\",\"key\":\"submit\"}]', 'Post', 'http://14.116.192.19:8884/self_operator/login', '{\n    \"code\": 0,\n    \"data\": {\n        \"user\": {\n            \"departmentId\": 0,\n            \"departmentName\": \"\",\n            \"enterpriseId\": 4,\n            \"enterpriseName\": \"自运营企业\",\n            \"isPrimary\": true,\n            \"logoPhotoId\": \"655de17e0f59841cf1c0aac9851a683c\",\n            \"modules\": \"2000,2001,2002,2003,2010,2012,2011,2014,2015,2013,2020,2021,2022,2023,2080,2081,2082,2083,2084,2085,2030,2031,2032,2033,2034,2035,2036,2040,2041,2042,2043,2044,2045,2046,2047,2050,2060,2061,2062,2063,2064\",\n            \"mqttInfo\": {\n                \"clientId\": \"web-ddc6457875b93f8d4372319bcedd5bbc\",\n                \"heartbeat\": 10,\n                \"password\": \"tpson102304\",\n                \"protocolVersion\": \"MQTT3.1.1\",\n                \"server\": \"ws://14.116.192.19:25671/ws\",\n                \"username\": \"tpson\"\n            },\n            \"name\": \"tpson003\",\n            \"phone\": \"15736740078\",\n            \"posX\": \"120.17017364501955\",\n            \"posY\": \"30.24027637293337\",\n            \"userId\": 434069036964249600,\n            \"userPhotoUrl\": \"19efb150461686d4d755216705da54dc\",\n            \"userType\": 5\n        }\n    },\n    \"resultCode\": \"SUCCESS\",\n    \"success\": true\n}', 200, 1624, '[{\"checkList\":\"code\",\"result\":true,\"value\":\"0\"},{\"checkList\":\"data.user.name\",\"result\":true,\"value\":\"tpson003\"},{\"checkList\":\"data.user.phone\",\"result\":false,\"value\":\"15736740079\"}]', 0, 1599656777, 1599656777);
INSERT INTO `api_request_result` VALUES (36, 3, '登录', NULL, NULL, '[{\"value\":\"application/x-www-form-urlencoded\",\"key\":\"Content-Type\"}]', '[{\"value\":\"tpson003\",\"key\":\"username\"},{\"value\":\"d0c305881c28d5a61138b240c7297200\",\"key\":\"password\"},{\"value\":\"login\",\"key\":\"submit\"}]', 'Post', 'http://14.116.192.19:8884/self_operator/login', '{\n    \"code\": 0,\n    \"data\": {\n        \"user\": {\n            \"departmentId\": 0,\n            \"departmentName\": \"\",\n            \"enterpriseId\": 4,\n            \"enterpriseName\": \"自运营企业\",\n            \"isPrimary\": true,\n            \"logoPhotoId\": \"655de17e0f59841cf1c0aac9851a683c\",\n            \"modules\": \"2000,2001,2002,2003,2010,2012,2011,2014,2015,2013,2020,2021,2022,2023,2080,2081,2082,2083,2084,2085,2030,2031,2032,2033,2034,2035,2036,2040,2041,2042,2043,2044,2045,2046,2047,2050,2060,2061,2062,2063,2064\",\n            \"mqttInfo\": {\n                \"clientId\": \"web-636e6dde8f43287426aeaffe4d137790\",\n                \"heartbeat\": 10,\n                \"password\": \"tpson102304\",\n                \"protocolVersion\": \"MQTT3.1.1\",\n                \"server\": \"ws://14.116.192.19:25671/ws\",\n                \"username\": \"tpson\"\n            },\n            \"name\": \"tpson003\",\n            \"phone\": \"15736740078\",\n            \"posX\": \"120.17017364501955\",\n            \"posY\": \"30.24027637293337\",\n            \"userId\": 434069036964249600,\n            \"userPhotoUrl\": \"19efb150461686d4d755216705da54dc\",\n            \"userType\": 5\n        }\n    },\n    \"resultCode\": \"SUCCESS\",\n    \"success\": true\n}', 200, 1545, '[{\"checkList\":\"code\",\"result\":true,\"value\":\"0\"},{\"checkList\":\"data.user.name\",\"result\":true,\"value\":\"tpson003\"},{\"checkList\":\"data.user.phone\",\"result\":false,\"value\":\"15736740079\"}]', 0, 1599656880, 1599656880);
INSERT INTO `api_request_result` VALUES (37, 3, '登录', NULL, NULL, '[{\"value\":\"application/x-www-form-urlencoded\",\"key\":\"Content-Type\"}]', '[{\"value\":\"tpson003\",\"key\":\"username\"},{\"value\":\"d0c305881c28d5a61138b240c7297200\",\"key\":\"password\"},{\"value\":\"login\",\"key\":\"submit\"}]', 'Post', 'http://14.116.192.19:8884/self_operator/login', '{\n    \"code\": 0,\n    \"data\": {\n        \"user\": {\n            \"departmentId\": 0,\n            \"departmentName\": \"\",\n            \"enterpriseId\": 4,\n            \"enterpriseName\": \"自运营企业\",\n            \"isPrimary\": true,\n            \"logoPhotoId\": \"655de17e0f59841cf1c0aac9851a683c\",\n            \"modules\": \"2000,2001,2002,2003,2010,2012,2011,2014,2015,2013,2020,2021,2022,2023,2080,2081,2082,2083,2084,2085,2030,2031,2032,2033,2034,2035,2036,2040,2041,2042,2043,2044,2045,2046,2047,2050,2060,2061,2062,2063,2064\",\n            \"mqttInfo\": {\n                \"clientId\": \"web-7893b1ff35d1d3372d5ecfbb1cd12ed6\",\n                \"heartbeat\": 10,\n                \"password\": \"tpson102304\",\n                \"protocolVersion\": \"MQTT3.1.1\",\n                \"server\": \"ws://14.116.192.19:25671/ws\",\n                \"username\": \"tpson\"\n            },\n            \"name\": \"tpson003\",\n            \"phone\": \"15736740078\",\n            \"posX\": \"120.17017364501955\",\n            \"posY\": \"30.24027637293337\",\n            \"userId\": 434069036964249600,\n            \"userPhotoUrl\": \"19efb150461686d4d755216705da54dc\",\n            \"userType\": 5\n        }\n    },\n    \"resultCode\": \"SUCCESS\",\n    \"success\": true\n}', 200, 110, '[{\"checkList\":\"code\",\"result\":true,\"value\":\"0\"},{\"checkList\":\"data.user.name\",\"result\":true,\"value\":\"tpson003\"},{\"checkList\":\"data.user.phone\",\"result\":false,\"value\":\"15736740079\"}]', 0, 1599657047, 1599657047);
INSERT INTO `api_request_result` VALUES (38, 4, '角色分页', NULL, NULL, '[{\"value\":\"application/x-www-form-urlencoded\",\"key\":\"Content-Type\"},{\"value\":\"${Cookie}\",\"key\":\"Cookie\"}]', '[{\"value\":\"1\",\"key\":\"pageNumber\"},{\"value\":\"10\",\"key\":\"pageSize\"},{\"value\":\"\",\"key\":\"name\"}]', 'Get', 'http://14.116.192.19:8884/self_operator/role/page', '{\n    \"code\": -4,\n    \"message\": \"请登录\",\n    \"data\": null,\n    \"success\": false,\n    \"resultCode\": \"NO_LOGIN\"\n}', 200, 75, '[]', 1, 1599657047, 1599657047);
INSERT INTO `api_request_result` VALUES (39, 3, '登录', NULL, NULL, '[{\"value\":\"application/x-www-form-urlencoded\",\"key\":\"Content-Type\"}]', '[{\"value\":\"tpson003\",\"key\":\"username\"},{\"value\":\"d0c305881c28d5a61138b240c7297200\",\"key\":\"password\"},{\"value\":\"login\",\"key\":\"submit\"}]', 'Post', 'http://14.116.192.19:8884/self_operator/login', '{\n    \"code\": 0,\n    \"data\": {\n        \"user\": {\n            \"departmentId\": 0,\n            \"departmentName\": \"\",\n            \"enterpriseId\": 4,\n            \"enterpriseName\": \"自运营企业\",\n            \"isPrimary\": true,\n            \"logoPhotoId\": \"655de17e0f59841cf1c0aac9851a683c\",\n            \"modules\": \"2000,2001,2002,2003,2010,2012,2011,2014,2015,2013,2020,2021,2022,2023,2080,2081,2082,2083,2084,2085,2030,2031,2032,2033,2034,2035,2036,2040,2041,2042,2043,2044,2045,2046,2047,2050,2060,2061,2062,2063,2064\",\n            \"mqttInfo\": {\n                \"clientId\": \"web-b7315b74acc6eacc8c79048a23be2301\",\n                \"heartbeat\": 10,\n                \"password\": \"tpson102304\",\n                \"protocolVersion\": \"MQTT3.1.1\",\n                \"server\": \"ws://14.116.192.19:25671/ws\",\n                \"username\": \"tpson\"\n            },\n            \"name\": \"tpson003\",\n            \"phone\": \"15736740078\",\n            \"posX\": \"120.17017364501955\",\n            \"posY\": \"30.24027637293337\",\n            \"userId\": 434069036964249600,\n            \"userPhotoUrl\": \"19efb150461686d4d755216705da54dc\",\n            \"userType\": 5\n        }\n    },\n    \"resultCode\": \"SUCCESS\",\n    \"success\": true\n}', 200, 1606, '[{\"checkList\":\"code\",\"result\":true,\"value\":\"0\"},{\"checkList\":\"data.user.name\",\"result\":true,\"value\":\"tpson003\"},{\"checkList\":\"data.user.phone\",\"result\":false,\"value\":\"15736740079\"}]', 0, 1599657179, 1599657179);
INSERT INTO `api_request_result` VALUES (40, 4, '角色分页', NULL, NULL, '[{\"value\":\"application/x-www-form-urlencoded\",\"key\":\"Content-Type\"},{\"value\":\"${Cookie}\",\"key\":\"Cookie\"}]', '[{\"value\":\"1\",\"key\":\"pageNumber\"},{\"value\":\"10\",\"key\":\"pageSize\"},{\"value\":\"\",\"key\":\"name\"}]', 'Get', 'http://14.116.192.19:8884/self_operator/role/page', '{\n    \"code\": -4,\n    \"message\": \"请登录\",\n    \"data\": null,\n    \"success\": false,\n    \"resultCode\": \"NO_LOGIN\"\n}', 200, 102, '[]', 1, 1599657180, 1599657180);
INSERT INTO `api_request_result` VALUES (41, 3, '登录', NULL, NULL, '[{\"value\":\"application/x-www-form-urlencoded\",\"key\":\"Content-Type\"}]', '[{\"value\":\"tpson003\",\"key\":\"username\"},{\"value\":\"d0c305881c28d5a61138b240c7297200\",\"key\":\"password\"},{\"value\":\"login\",\"key\":\"submit\"}]', 'Post', 'http://14.116.192.19:8884/self_operator/login', '{\n    \"code\": 0,\n    \"data\": {\n        \"user\": {\n            \"departmentId\": 0,\n            \"departmentName\": \"\",\n            \"enterpriseId\": 4,\n            \"enterpriseName\": \"自运营企业\",\n            \"isPrimary\": true,\n            \"logoPhotoId\": \"655de17e0f59841cf1c0aac9851a683c\",\n            \"modules\": \"2000,2001,2002,2003,2010,2012,2011,2014,2015,2013,2020,2021,2022,2023,2080,2081,2082,2083,2084,2085,2030,2031,2032,2033,2034,2035,2036,2040,2041,2042,2043,2044,2045,2046,2047,2050,2060,2061,2062,2063,2064\",\n            \"mqttInfo\": {\n                \"clientId\": \"web-abfff4fb7faee5536571204641b3e567\",\n                \"heartbeat\": 10,\n                \"password\": \"tpson102304\",\n                \"protocolVersion\": \"MQTT3.1.1\",\n                \"server\": \"ws://14.116.192.19:25671/ws\",\n                \"username\": \"tpson\"\n            },\n            \"name\": \"tpson003\",\n            \"phone\": \"15736740078\",\n            \"posX\": \"120.17017364501955\",\n            \"posY\": \"30.24027637293337\",\n            \"userId\": 434069036964249600,\n            \"userPhotoUrl\": \"19efb150461686d4d755216705da54dc\",\n            \"userType\": 5\n        }\n    },\n    \"resultCode\": \"SUCCESS\",\n    \"success\": true\n}', 200, 1694, '[{\"checkList\":\"code\",\"result\":true,\"value\":\"0\"},{\"checkList\":\"data.user.name\",\"result\":true,\"value\":\"tpson003\"},{\"checkList\":\"data.user.phone\",\"result\":false,\"value\":\"15736740079\"}]', 0, 1599657251, 1599657251);
INSERT INTO `api_request_result` VALUES (42, 4, '角色分页', NULL, NULL, '[{\"value\":\"application/x-www-form-urlencoded\",\"key\":\"Content-Type\"},{\"value\":\"${Cookie}\",\"key\":\"Cookie\"}]', '[{\"value\":\"1\",\"key\":\"pageNumber\"},{\"value\":\"10\",\"key\":\"pageSize\"},{\"value\":\"\",\"key\":\"name\"}]', 'Get', 'http://14.116.192.19:8884/self_operator/role/page', '{\n    \"code\": -4,\n    \"message\": \"请登录\",\n    \"data\": null,\n    \"success\": false,\n    \"resultCode\": \"NO_LOGIN\"\n}', 200, 92, '[]', 1, 1599657251, 1599657251);
INSERT INTO `api_request_result` VALUES (43, 3, '登录', NULL, NULL, '[{\"value\":\"application/x-www-form-urlencoded\",\"key\":\"Content-Type\"}]', '[{\"value\":\"tpson003\",\"key\":\"username\"},{\"value\":\"d0c305881c28d5a61138b240c7297200\",\"key\":\"password\"},{\"value\":\"login\",\"key\":\"submit\"}]', 'Post', 'http://14.116.192.19:8884/self_operator/login', '{\n    \"code\": 0,\n    \"data\": {\n        \"user\": {\n            \"departmentId\": 0,\n            \"departmentName\": \"\",\n            \"enterpriseId\": 4,\n            \"enterpriseName\": \"自运营企业\",\n            \"isPrimary\": true,\n            \"logoPhotoId\": \"655de17e0f59841cf1c0aac9851a683c\",\n            \"modules\": \"2000,2001,2002,2003,2010,2012,2011,2014,2015,2013,2020,2021,2022,2023,2080,2081,2082,2083,2084,2085,2030,2031,2032,2033,2034,2035,2036,2040,2041,2042,2043,2044,2045,2046,2047,2050,2060,2061,2062,2063,2064\",\n            \"mqttInfo\": {\n                \"clientId\": \"web-6e174d063759e902eaed38087ecde865\",\n                \"heartbeat\": 10,\n                \"password\": \"tpson102304\",\n                \"protocolVersion\": \"MQTT3.1.1\",\n                \"server\": \"ws://14.116.192.19:25671/ws\",\n                \"username\": \"tpson\"\n            },\n            \"name\": \"tpson003\",\n            \"phone\": \"15736740078\",\n            \"posX\": \"120.17017364501955\",\n            \"posY\": \"30.24027637293337\",\n            \"userId\": 434069036964249600,\n            \"userPhotoUrl\": \"19efb150461686d4d755216705da54dc\",\n            \"userType\": 5\n        }\n    },\n    \"resultCode\": \"SUCCESS\",\n    \"success\": true\n}', 200, 96, '[{\"checkList\":\"code\",\"result\":true,\"value\":\"0\"},{\"checkList\":\"data.user.name\",\"result\":true,\"value\":\"tpson003\"},{\"checkList\":\"data.user.phone\",\"result\":false,\"value\":\"15736740079\"}]', 0, 1599657290, 1599657290);
INSERT INTO `api_request_result` VALUES (44, 4, '角色分页', NULL, NULL, '[{\"value\":\"application/x-www-form-urlencoded\",\"key\":\"Content-Type\"},{\"value\":\"${Cookie}\",\"key\":\"Cookie\"}]', '[{\"value\":\"1\",\"key\":\"pageNumber\"},{\"value\":\"10\",\"key\":\"pageSize\"},{\"value\":\"\",\"key\":\"name\"}]', 'Get', 'http://14.116.192.19:8884/self_operator/role/page', '{\n    \"code\": -4,\n    \"message\": \"请登录\",\n    \"data\": null,\n    \"success\": false,\n    \"resultCode\": \"NO_LOGIN\"\n}', 200, 83, '[]', 1, 1599657290, 1599657290);
INSERT INTO `api_request_result` VALUES (45, 3, '登录', NULL, NULL, '[{\"value\":\"application/x-www-form-urlencoded\",\"key\":\"Content-Type\"}]', '[{\"value\":\"tpson003\",\"key\":\"username\"},{\"value\":\"d0c305881c28d5a61138b240c7297200\",\"key\":\"password\"},{\"value\":\"login\",\"key\":\"submit\"}]', 'Post', 'http://14.116.192.19:8884/self_operator/login', '{\n    \"code\": 0,\n    \"data\": {\n        \"user\": {\n            \"departmentId\": 0,\n            \"departmentName\": \"\",\n            \"enterpriseId\": 4,\n            \"enterpriseName\": \"自运营企业\",\n            \"isPrimary\": true,\n            \"logoPhotoId\": \"655de17e0f59841cf1c0aac9851a683c\",\n            \"modules\": \"2000,2001,2002,2003,2010,2012,2011,2014,2015,2013,2020,2021,2022,2023,2080,2081,2082,2083,2084,2085,2030,2031,2032,2033,2034,2035,2036,2040,2041,2042,2043,2044,2045,2046,2047,2050,2060,2061,2062,2063,2064\",\n            \"mqttInfo\": {\n                \"clientId\": \"web-ac3026e5e64951dc727b2627cabd3ffd\",\n                \"heartbeat\": 10,\n                \"password\": \"tpson102304\",\n                \"protocolVersion\": \"MQTT3.1.1\",\n                \"server\": \"ws://14.116.192.19:25671/ws\",\n                \"username\": \"tpson\"\n            },\n            \"name\": \"tpson003\",\n            \"phone\": \"15736740078\",\n            \"posX\": \"120.17017364501955\",\n            \"posY\": \"30.24027637293337\",\n            \"userId\": 434069036964249600,\n            \"userPhotoUrl\": \"19efb150461686d4d755216705da54dc\",\n            \"userType\": 5\n        }\n    },\n    \"resultCode\": \"SUCCESS\",\n    \"success\": true\n}', 200, 1639, '[{\"checkList\":\"code\",\"result\":true,\"value\":\"0\"},{\"checkList\":\"data.user.name\",\"result\":true,\"value\":\"tpson003\"},{\"checkList\":\"data.user.phone\",\"result\":false,\"value\":\"15736740079\"}]', 0, 1599698792, 1599698792);
INSERT INTO `api_request_result` VALUES (46, 4, '角色分页', NULL, NULL, '[{\"value\":\"application/x-www-form-urlencoded\",\"key\":\"Content-Type\"},{\"value\":\"${Cookie}\",\"key\":\"Cookie\"}]', '[{\"value\":\"1\",\"key\":\"pageNumber\"},{\"value\":\"10\",\"key\":\"pageSize\"},{\"value\":\"\",\"key\":\"name\"}]', 'Get', 'http://14.116.192.19:8884/self_operator/role/page', '{\n    \"code\": -4,\n    \"message\": \"请登录\",\n    \"data\": null,\n    \"success\": false,\n    \"resultCode\": \"NO_LOGIN\"\n}', 200, 101, '[]', 1, 1599698792, 1599698792);

-- ----------------------------
-- Table structure for api_suite
-- ----------------------------
DROP TABLE IF EXISTS `api_suite`;
CREATE TABLE `api_suite`  (
  `id` int(10) UNSIGNED NOT NULL AUTO_INCREMENT,
  `name` varchar(10) CHARACTER SET utf8 COLLATE utf8_general_ci NOT NULL COMMENT '接口分类名称',
  `project_id` int(11) NOT NULL COMMENT 'project id',
  `remark` text CHARACTER SET utf8 COLLATE utf8_general_ci NULL COMMENT '备注',
  `creat_time` int(11) NOT NULL,
  `update_time` int(11) NOT NULL,
  PRIMARY KEY (`id`) USING BTREE
) ENGINE = InnoDB AUTO_INCREMENT = 4 CHARACTER SET = utf8 COLLATE = utf8_general_ci COMMENT = '接口分类表' ROW_FORMAT = Dynamic;

-- ----------------------------
-- Records of api_suite
-- ----------------------------
INSERT INTO `api_suite` VALUES (2, '测试项目', 1, '测试备注', 1596887050, 1597752887);

-- ----------------------------
-- Table structure for api_testcase
-- ----------------------------
DROP TABLE IF EXISTS `api_testcase`;
CREATE TABLE `api_testcase`  (
  `id` int(10) UNSIGNED NOT NULL AUTO_INCREMENT,
  `name` varchar(10) CHARACTER SET utf8 COLLATE utf8_general_ci NOT NULL COMMENT '用例名称',
  `project_id` int(11) NOT NULL COMMENT 'project id',
  `remark` text CHARACTER SET utf8 COLLATE utf8_general_ci NULL COMMENT '备注',
  `creat_time` int(11) NOT NULL,
  `update_time` int(11) NOT NULL,
  PRIMARY KEY (`id`) USING BTREE
) ENGINE = InnoDB AUTO_INCREMENT = 5 CHARACTER SET = utf8 COLLATE = utf8_general_ci COMMENT = '用例表' ROW_FORMAT = Dynamic;

-- ----------------------------
-- Records of api_testcase
-- ----------------------------
INSERT INTO `api_testcase` VALUES (4, 'testCase', 1, 'testCase', 1599477340, 1599477340);

-- ----------------------------
-- Table structure for api_testcase_group
-- ----------------------------
DROP TABLE IF EXISTS `api_testcase_group`;
CREATE TABLE `api_testcase_group`  (
  `id` int(10) UNSIGNED NOT NULL AUTO_INCREMENT,
  `project_id` int(10) NOT NULL COMMENT '项目id',
  `name` varchar(10) CHARACTER SET utf8 COLLATE utf8_general_ci NOT NULL COMMENT '用例集名称',
  `remark` text CHARACTER SET utf8 COLLATE utf8_general_ci NULL COMMENT '备注',
  `creat_time` int(11) NOT NULL,
  `update_time` int(11) NOT NULL,
  PRIMARY KEY (`id`) USING BTREE
) ENGINE = InnoDB AUTO_INCREMENT = 1 CHARACTER SET = utf8 COLLATE = utf8_general_ci COMMENT = '用例集表' ROW_FORMAT = Dynamic;

-- ----------------------------
-- Records of api_testcase_group
-- ----------------------------

-- ----------------------------
-- Table structure for api_testcase_group_result
-- ----------------------------
DROP TABLE IF EXISTS `api_testcase_group_result`;
CREATE TABLE `api_testcase_group_result`  (
  `id` int(10) UNSIGNED NOT NULL AUTO_INCREMENT,
  `testcase_group_id` int(10) NOT NULL COMMENT '用例集id',
  `count_result` int(10) NULL DEFAULT NULL COMMENT '用例总数',
  `pass_result` int(10) NULL DEFAULT NULL COMMENT '执行用例成功数',
  `failed_result` int(10) NULL DEFAULT NULL COMMENT '执行用例失败数',
  `creat_time` int(11) NOT NULL,
  `update_time` int(11) NOT NULL,
  PRIMARY KEY (`id`) USING BTREE
) ENGINE = InnoDB AUTO_INCREMENT = 1 CHARACTER SET = utf8 COLLATE = utf8_general_ci COMMENT = '用例结果表' ROW_FORMAT = Dynamic;

-- ----------------------------
-- Records of api_testcase_group_result
-- ----------------------------

-- ----------------------------
-- Table structure for api_testcase_merge
-- ----------------------------
DROP TABLE IF EXISTS `api_testcase_merge`;
CREATE TABLE `api_testcase_merge`  (
  `id` int(10) UNSIGNED NOT NULL AUTO_INCREMENT,
  `testcase_group_id` int(10) NOT NULL COMMENT '用例集id',
  `api_testcase_id` int(10) NOT NULL COMMENT '用例id',
  PRIMARY KEY (`id`) USING BTREE
) ENGINE = InnoDB AUTO_INCREMENT = 1 CHARACTER SET = utf8 COLLATE = utf8_general_ci COMMENT = '用例&用例集关联表' ROW_FORMAT = Dynamic;

-- ----------------------------
-- Records of api_testcase_merge
-- ----------------------------

-- ----------------------------
-- Table structure for api_testcase_result
-- ----------------------------
DROP TABLE IF EXISTS `api_testcase_result`;
CREATE TABLE `api_testcase_result`  (
  `id` int(10) UNSIGNED NOT NULL AUTO_INCREMENT,
  `testcase_id` int(10) NOT NULL COMMENT '用例id',
  `count_results` int(10) NULL DEFAULT NULL COMMENT '执行用例步骤总数',
  `pass_results` int(10) NULL DEFAULT NULL COMMENT '执行用例步骤成功数',
  `failed_results` int(10) NULL DEFAULT NULL COMMENT '执行用例步骤失败数',
  `creat_time` int(11) NOT NULL,
  `update_time` int(11) NOT NULL,
  PRIMARY KEY (`id`) USING BTREE
) ENGINE = InnoDB AUTO_INCREMENT = 7 CHARACTER SET = utf8 COLLATE = utf8_general_ci COMMENT = '用例结果表' ROW_FORMAT = Dynamic;

-- ----------------------------
-- Records of api_testcase_result
-- ----------------------------
INSERT INTO `api_testcase_result` VALUES (4, 4, 2, 1, 1, 1599657251, 1599657251);
INSERT INTO `api_testcase_result` VALUES (5, 4, 2, 1, 1, 1599657290, 1599657290);
INSERT INTO `api_testcase_result` VALUES (6, 4, 2, 1, 1, 1599698792, 1599698792);

-- ----------------------------
-- Table structure for api_testcase_step
-- ----------------------------
DROP TABLE IF EXISTS `api_testcase_step`;
CREATE TABLE `api_testcase_step`  (
  `id` int(10) UNSIGNED NOT NULL AUTO_INCREMENT,
  `name` varchar(10) CHARACTER SET utf8 COLLATE utf8_general_ci NOT NULL COMMENT '接口步骤名称',
  `api_id` int(10) NOT NULL,
  `testcase_id` int(11) NOT NULL COMMENT 'testcase id',
  `domain` varchar(50) CHARACTER SET utf8 COLLATE utf8_general_ci NOT NULL COMMENT '域名',
  `request_param_type` varchar(50) CHARACTER SET utf8 COLLATE utf8_general_ci NULL DEFAULT NULL COMMENT '请求入参方式',
  `request_header` text CHARACTER SET utf8 COLLATE utf8_general_ci NULL COMMENT '请求头',
  `request_params` text CHARACTER SET utf8 COLLATE utf8_general_ci NULL,
  `request_body` text CHARACTER SET utf8 COLLATE utf8_general_ci NULL COMMENT 'body,post请求参数',
  `method` varchar(20) CHARACTER SET utf8 COLLATE utf8_general_ci NOT NULL COMMENT '请求方式',
  `path` varchar(100) CHARACTER SET utf8 COLLATE utf8_general_ci NOT NULL COMMENT '请求路径',
  `request_assert` text CHARACTER SET utf8 COLLATE utf8_general_ci NULL COMMENT '请求断言',
  `sort` int(4) NOT NULL COMMENT '步骤顺序',
  `creat_time` int(11) NOT NULL,
  `update_time` int(11) NOT NULL,
  PRIMARY KEY (`id`) USING BTREE
) ENGINE = InnoDB AUTO_INCREMENT = 6 CHARACTER SET = utf8 COLLATE = utf8_general_ci COMMENT = 'api用例步骤表' ROW_FORMAT = Dynamic;

-- ----------------------------
-- Records of api_testcase_step
-- ----------------------------
INSERT INTO `api_testcase_step` VALUES (4, '登录', 3, 4, 'http://14.116.192.19:8884', 'application/x-www-form-urlencoded', '[{\"key\":\"Content-Type\",\"value\":\"application/x-www-form-urlencoded\"}]', '[{\"key\":\"username\",\"value\":\"tpson003\"},{\"key\":\"password\",\"value\":\"d0c305881c28d5a61138b240c7297200\"},{\"key\":\"submit\",\"value\":\"login\"}]', NULL, 'Post', '/self_operator/login', '[{\"checkList\":\"code\",\"value\":\"0\"},{\"checkList\":\"data.user.name\",\"value\":\"tpson003\"},{\"checkList\":\"data.user.phone\",\"value\":\"15736740079\"}]', 1, 1597835357, 1597835357);
INSERT INTO `api_testcase_step` VALUES (5, '角色分页', 4, 4, 'http://14.116.192.19:8884', 'form', '[{\"key\":\"Content-Type\",\"value\":\"application/x-www-form-urlencoded\"},{\"key\":\"Cookie\",\"value\":\"${Cookie}\"}]', '[{\"key\":\"pageNumber\",\"value\":\"1\"},{\"key\":\"pageSize\",\"value\":\"10\"},{\"key\":\"name\",\"value\":\"\"}]', NULL, 'Get', '/self_operator/role/page', '', 2, 1599654365, 1599654365);

-- ----------------------------
-- Table structure for mistake
-- ----------------------------
DROP TABLE IF EXISTS `mistake`;
CREATE TABLE `mistake`  (
  `id` int(10) UNSIGNED NOT NULL AUTO_INCREMENT,
  `name` varchar(100) CHARACTER SET utf8 COLLATE utf8_general_ci NOT NULL COMMENT '受到伤害人员',
  `type` varchar(40) CHARACTER SET utf8 COLLATE utf8_general_ci NOT NULL COMMENT '伤害类型',
  `description` varchar(100) CHARACTER SET utf8 COLLATE utf8_general_ci NOT NULL COMMENT '伤害类型',
  `mistake_level` int(1) NULL DEFAULT NULL COMMENT '伤害等级',
  PRIMARY KEY (`id`) USING BTREE
) ENGINE = InnoDB AUTO_INCREMENT = 7 CHARACTER SET = utf8 COLLATE = utf8_general_ci ROW_FORMAT = Dynamic;

-- ----------------------------
-- Records of mistake
-- ----------------------------

-- ----------------------------
-- Table structure for mistaketype
-- ----------------------------
DROP TABLE IF EXISTS `mistaketype`;
CREATE TABLE `mistaketype`  (
  `id` int(10) UNSIGNED NOT NULL AUTO_INCREMENT,
  `mistake_type` int(1) NOT NULL,
  `mistake_name` varchar(20) CHARACTER SET utf8 COLLATE utf8_general_ci NOT NULL,
  PRIMARY KEY (`id`) USING BTREE
) ENGINE = InnoDB AUTO_INCREMENT = 4 CHARACTER SET = utf8 COLLATE = utf8_general_ci ROW_FORMAT = Dynamic;

-- ----------------------------
-- Records of mistaketype
-- ----------------------------

-- ----------------------------
-- Table structure for project
-- ----------------------------
DROP TABLE IF EXISTS `project`;
CREATE TABLE `project`  (
  `id` int(10) UNSIGNED NOT NULL AUTO_INCREMENT,
  `project_name` varchar(50) CHARACTER SET utf8 COLLATE utf8_general_ci NOT NULL,
  `description` varchar(50) CHARACTER SET utf8 COLLATE utf8_general_ci NULL DEFAULT NULL,
  `creat_time` int(11) NOT NULL,
  `update_time` int(11) NOT NULL,
  PRIMARY KEY (`id`) USING BTREE
) ENGINE = InnoDB AUTO_INCREMENT = 10 CHARACTER SET = utf8 COLLATE = utf8_general_ci ROW_FORMAT = Dynamic;

-- ----------------------------
-- Records of project
-- ----------------------------
INSERT INTO `project` VALUES (1, '测试项目', '测试项目描述1', 1596887050, 1596887050);

-- ----------------------------
-- Table structure for user
-- ----------------------------
DROP TABLE IF EXISTS `user`;
CREATE TABLE `user`  (
  `id` int(10) UNSIGNED NOT NULL AUTO_INCREMENT COMMENT '主键Id',
  `name` varchar(100) CHARACTER SET utf8 COLLATE utf8_general_ci NOT NULL COMMENT '用户名称',
  `user_name` varchar(100) CHARACTER SET utf8 COLLATE utf8_general_ci NOT NULL COMMENT '用户账号',
  `password` varchar(100) CHARACTER SET utf8 COLLATE utf8_general_ci NOT NULL COMMENT '用户密码',
  `creat_time` timestamp(0) NOT NULL DEFAULT CURRENT_TIMESTAMP(0) COMMENT '创建时间',
  `update_time` timestamp(0) NOT NULL DEFAULT CURRENT_TIMESTAMP(0) ON UPDATE CURRENT_TIMESTAMP(0) COMMENT '创建时间',
  PRIMARY KEY (`id`) USING BTREE
) ENGINE = InnoDB AUTO_INCREMENT = 2 CHARACTER SET = utf8 COLLATE = utf8_general_ci ROW_FORMAT = Dynamic;

-- ----------------------------
-- Records of user
-- ----------------------------
INSERT INTO `user` VALUES (1, 'lz测试', 'lztest', '123456', '2020-07-23 22:44:08', '2020-07-23 22:44:08');

SET FOREIGN_KEY_CHECKS = 1;
